Topic,Generator_in,Generator_out,Comment_in,Comment_out,Refine_in,Refine_out,Beautify_in,Beautify_out,Review_in,Review_out,TotalInput,TotalOutput,TotalTokens,Keep
作業系統 - 虛擬化(Virtualization)：Hypervisor,9,163,176,86,277,166,179,162,175,14,816,591,1407,True
"程式設計 - 物件導向(Object-Oriented Programming, OOP)",12,56,69,30,114,138,151,121,134,9,480,354,834,True
編譯器 - 最佳化(Compiler Optimizations),11,126,139,63,217,144,157,142,155,11,679,486,1165,True
雲端 - Kubernetes 基礎,11,90,103,48,166,94,107,88,101,19,488,339,827,True
資料庫 - 時序資料庫(Time-Series DB),11,69,82,30,127,88,101,87,100,14,421,288,709,True
"演算法 - 動態規劃(Dynamic Programming, DP)",13,64,77,26,118,89,102,88,101,9,411,276,687,True
資料結構 - Skip List,11,82,95,44,154,71,84,70,83,11,427,278,705,True
資料結構 - LRU Cache,11,139,152,92,259,238,251,218,231,18,904,705,1609,True
分散式系統 - 時鐘與排序(Clock)：Lamport / Vector Clock,15,113,126,45,186,95,108,99,112,19,547,371,918,True
軟體工程 - 微服務(Microservices),8,64,77,40,132,84,97,74,87,11,401,273,674,True
資料結構 - 集合(Set),9,57,70,39,124,76,89,73,86,17,378,262,640,True
IoT - 感測器(Sensors) 與資料收集,11,61,74,37,126,83,96,79,92,11,399,271,670,True
推薦系統 - 協同過濾(Collaborative Filtering),11,39,52,31,98,48,61,41,54,21,276,180,456,True
資料結構 - 雙端佇列(Deque),9,210,223,54,292,229,242,232,245,10,1011,735,1746,True
資料庫 - 併發控制(Concurrency Control)：2PL / MVCC,15,153,166,78,259,192,205,190,203,17,848,630,1478,True
理論 - 圖靈機(Turing Machine) 與可計算性(Computability),13,91,104,42,161,102,115,96,109,10,502,341,843,True
軟體工程 - 版本控制(Git) 與分支策略(Branching Strategy),13,82,95,42,152,107,120,100,113,11,493,342,835,True
資料結構 - 連結串列(Linked List),11,76,89,25,129,82,95,98,111,15,435,296,731,True
演算法 - 拓樸排序(Topological Sort),10,225,238,61,314,327,340,279,292,11,1194,903,2097,True
資訊安全 - 密碼學基礎(Cryptography Basics),11,43,56,31,102,47,60,45,58,8,287,174,461,True
分散式系統 - 共識(Consensus)：Paxos / Raft,13,100,113,79,207,128,141,125,138,20,612,452,1064,True
遊戲開發 - 遊戲迴圈(Game Loop) 與物理引擎(Physics Engine),15,60,73,41,129,83,96,65,78,8,391,257,648,True
資料庫 - 分割與分片(Partitioning & Sharding),13,166,179,48,242,161,174,161,174,12,782,548,1330,True
計算機架構 - SIMD / 向量化(Vectorization),13,171,184,98,297,207,220,207,220,9,934,692,1626,True
IoT - MQTT / CoAP,13,117,130,70,215,147,160,118,131,25,649,477,1126,True
"程式設計 - 物件導向(Object-Oriented Programming, OOP)",13,133,146,60,221,192,205,190,203,10,788,585,1373,True
軟體安全 - 靜態分析(Static Analysis),11,72,85,50,150,99,112,102,115,17,473,340,813,True
作業系統 - 置換演算法(Page Replacement)：LRU / FIFO,15,428,441,65,521,468,481,465,478,13,1936,1439,3375,True
資訊安全 - 對稱/非對稱加密(Symmetric/Asymmetric Encryption),11,170,183,48,246,183,196,189,202,22,838,612,1450,True
作業系統 - 容器與命名空間(Containers & Namespaces),13,129,142,62,219,144,157,139,152,14,683,488,1171,True
分散式系統 - Stream Processing（Flink / Spark Streaming）,17,110,123,80,218,131,144,112,125,19,627,452,1079,True
分散式系統 - 分散式鎖(Distributed Lock),11,177,190,39,244,183,196,181,194,22,835,602,1437,True
作業系統 - 記憶體管理(Virtual Memory / Paging),15,266,279,72,366,256,269,254,267,19,1196,867,2063,True
資料結構 - Trie/Prefix Tree,11,93,106,68,189,115,128,114,127,11,561,401,962,True
深度學習 - CNN / RNN / Transformer,17,97,110,44,169,90,103,92,105,14,504,337,841,True
資料庫 - 索引(Index)：B+ Tree / Hash Index,17,228,241,47,303,189,202,182,195,22,958,668,1626,True
"資料結構 - Fenwick Tree (Binary Indexed Tree, BIT)",18,178,191,60,266,185,198,181,194,14,867,618,1485,True
作業系統 - 同步(Synchronization)：Mutex / Semaphore / Monitor,17,132,145,44,204,150,163,147,160,17,689,490,1179,True
雲端 - 虛擬機(VM) 與容器(Container),11,87,100,45,160,105,118,97,110,10,499,344,843,True
計算機架構 - 虛擬記憶體(Virtual Memory) 與 TLB,15,164,177,73,265,156,169,156,169,14,795,563,1358,True
推薦系統 - 協同過濾(Collaborative Filtering),11,50,63,33,111,52,65,41,54,9,304,185,489,True
軟體安全 - 動態分析(Dynamic Analysis),11,59,72,40,127,67,80,53,66,6,356,225,581,True
資料結構 - 集合(Set),9,90,103,48,166,113,126,102,115,19,519,372,891,True
軟體工程 - 版本控制(Git) 與分支策略(Branching Strategy),13,95,108,47,170,146,159,136,149,16,599,440,1039,True
程式設計 - 例外處理(Exception Handling),11,38,51,51,117,80,93,84,97,17,369,270,639,True
計算機網路 - ARP / DHCP / DNS,17,99,112,83,210,123,136,106,119,14,594,425,1019,True
電腦圖學 - 光柵化(Rasterization),9,36,49,28,92,42,55,37,50,8,255,151,406,True
理論 - 資訊理論(Information Theory)：Entropy,11,88,101,21,137,93,106,90,103,6,458,298,756,True
演算法 - 全點對最短路徑(All-Pairs)：Floyd-Warshall,0,0,0,0,0,0,0,0,0,0,0,0,False
資料庫 - 事件串流(Event Streaming)：Kafka 基礎,0,0,0,0,0,0,0,0,0,0,0,0,False
軟體工程 - CI/CD,0,0,0,0,0,0,0,0,0,0,0,0,False
軟體工程 - 重構(Refactoring),0,0,0,0,0,0,0,0,0,0,0,0,False
程式設計 - 指標與參照(Pointers & References),0,0,0,0,0,0,0,0,0,0,0,0,False
理論 - 正則語言與有限自動機(Regular Languages & DFA/NFA),0,0,0,0,0,0,0,0,0,0,0,0,False
計算機網路 - CDN 與快取(Cache),0,0,0,0,0,0,0,0,0,0,0,0,False
雲端 - Kubernetes 基礎,0,0,0,0,0,0,0,0,0,0,0,0,False
資料結構 - 連結串列(Linked List),0,0,0,0,0,0,0,0,0,0,0,0,False
資料庫 - 時序資料庫(Time-Series DB),0,0,0,0,0,0,0,0,0,0,0,0,False
編譯器 - 詞法分析(Lexical Analysis),0,0,0,0,0,0,0,0,0,0,0,0,False
資料庫 - 正規化(Normalization),0,0,0,0,0,0,0,0,0,0,0,0,False
資料結構 - Skip List,0,0,0,0,0,0,0,0,0,0,0,0,False
軟體工程 - API 設計(REST / GraphQL),0,0,0,0,0,0,0,0,0,0,0,0,False
資料結構 - Segment Tree,0,0,0,0,0,0,0,0,0,0,0,0,False
程式語言 - Garbage Collection (GC),0,0,0,0,0,0,0,0,0,0,0,0,False
程式設計 - 指標與參照(Pointers & References),0,0,0,0,0,0,0,0,0,0,0,0,False
資料結構 - Heap / Priority Queue,0,0,0,0,0,0,0,0,0,0,0,0,False
IoT - 感測器(Sensors) 與資料收集,0,0,0,0,0,0,0,0,0,0,0,0,False
"嵌入式系統 - 即時系統(Real-Time Systems, RTOS)",0,0,0,0,0,0,0,0,0,0,0,0,False
軟體工程 - API 設計(REST / GraphQL),0,0,0,0,0,0,0,0,0,0,0,0,False
資訊安全 - 金鑰交換(Key Exchange)：Diffie-Hellman,0,0,0,0,0,0,0,0,0,0,0,0,False
"資料結構 - Union-Find (Disjoint Set Union, DSU)",0,0,0,0,0,0,0,0,0,0,0,0,False
分散式系統 - 容錯(Fault Tolerance),0,0,0,0,0,0,0,0,0,0,0,0,False
作業系統 - 置換演算法(Page Replacement)：LRU / FIFO,0,0,0,0,0,0,0,0,0,0,0,0,False
電腦圖學 - 光照模型(Lighting Models),0,0,0,0,0,0,0,0,0,0,0,0,False
IoT - MQTT / CoAP,0,0,0,0,0,0,0,0,0,0,0,0,False
電腦視覺 - 物件偵測(Object Detection),0,0,0,0,0,0,0,0,0,0,0,0,False
資訊安全 - 對稱/非對稱加密(Symmetric/Asymmetric Encryption),0,0,0,0,0,0,0,0,0,0,0,0,False
理論 - P/NP 與 NP-Complete,0,0,0,0,0,0,0,0,0,0,0,0,False
資料庫 - 隔離等級(Isolation Levels),0,0,0,0,0,0,0,0,0,0,0,0,False
電腦視覺 - 分割(Segmentation),0,0,0,0,0,0,0,0,0,0,0,0,False
軟體工程 - 可觀測性(Observability)：Logging / Metrics / Tracing,0,0,0,0,0,0,0,0,0,0,0,0,False
"編譯器 - 中介表示(Intermediate Representation, IR)",0,0,0,0,0,0,0,0,0,0,0,0,False
資料結構 - Trie/Prefix Tree,0,0,0,0,0,0,0,0,0,0,0,0,False
資訊安全 - 緩衝區溢位(Buffer Overflow) 概念,0,0,0,0,0,0,0,0,0,0,0,0,False
資料結構 - Red-Black Tree,0,0,0,0,0,0,0,0,0,0,0,0,False
"嵌入式系統 - 即時系統(Real-Time Systems, RTOS)",0,0,0,0,0,0,0,0,0,0,0,0,False
演算法 - 近似演算法(Approximation Algorithms),0,0,0,0,0,0,0,0,0,0,0,0,False
資料庫 - SQL：Join / Group By / Window Function,0,0,0,0,0,0,0,0,0,0,0,0,False
電腦圖學 - 光柵化(Rasterization),0,0,0,0,0,0,0,0,0,0,0,0,False
資訊安全 - 安全開發(SDL) 與威脅建模(Threat Modeling),0,0,0,0,0,0,0,0,0,0,0,0,False
資料結構 - B-Tree / B+ Tree,0,0,0,0,0,0,0,0,0,0,0,0,False
資料結構 - AVL Tree,0,0,0,0,0,0,0,0,0,0,0,0,False
分散式系統 - MapReduce 與資料處理,0,0,0,0,0,0,0,0,0,0,0,0,False
資料庫 - 查詢最佳化(Query Optimization),0,0,0,0,0,0,0,0,0,0,0,0,False
軟體安全 - 靜態分析(Static Analysis),0,0,0,0,0,0,0,0,0,0,0,0,False
計算機架構 - SIMD / 向量化(Vectorization),0,0,0,0,0,0,0,0,0,0,0,0,False
理論 - P/NP 與 NP-Complete,0,0,0,0,0,0,0,0,0,0,0,0,False
計算機架構 - 快取(Cache) 與記憶體階層(Memory Hierarchy),0,0,0,0,0,0,0,0,0,0,0,0,False
計算機架構 - 亂序執行(Out-of-Order Execution),0,0,0,0,0,0,0,0,0,0,0,0,False
程式設計 - 例外處理(Exception Handling),0,0,0,0,0,0,0,0,0,0,0,0,False
演算法 - 排序(Sorting)：QuickSort / MergeSort / HeapSort,0,0,0,0,0,0,0,0,0,0,0,0,False
資料庫 - 正規化(Normalization),0,0,0,0,0,0,0,0,0,0,0,0,False
分散式系統 - Service Discovery,0,0,0,0,0,0,0,0,0,0,0,0,False
資料庫 - 事件串流(Event Streaming)：Kafka 基礎,0,0,0,0,0,0,0,0,0,0,0,0,False
嵌入式系統 - 通訊協定(I2C / SPI / UART),0,0,0,0,0,0,0,0,0,0,0,0,False
演算法 - 圖論(Graph Algorithms)：BFS / DFS,0,0,0,0,0,0,0,0,0,0,0,0,False
程式設計 - 函數式程式設計(Functional Programming),0,0,0,0,0,0,0,0,0,0,0,0,False
作業系統 - 容器與命名空間(Containers & Namespaces),0,0,0,0,0,0,0,0,0,0,0,0,False
分散式系統 - CAP 定理(CAP Theorem),0,0,0,0,0,0,0,0,0,0,0,0,False
電腦圖學 - Ray Tracing,0,0,0,0,0,0,0,0,0,0,0,0,False
自然語言處理 - 語言模型(Language Models) 與 Tokenization,15,61,74,10,99,56,69,55,68,9,325,191,516,True
程式語言 - 記憶體安全(Memory Safety),11,99,112,36,163,98,111,90,103,22,500,345,845,True
資訊檢索 - 搜尋引擎(Information Retrieval),11,48,61,10,86,49,62,47,60,8,280,162,442,True
計算機網路 - TCP：三向交握(3-way handshake) 與流量控制,13,73,86,20,121,72,85,67,80,8,385,240,625,True
資料庫 - 查詢最佳化(Query Optimization),11,54,67,7,89,57,70,53,66,8,303,179,482,True
"嵌入式系統 - 即時系統(Real-Time Systems, RTOS)",13,141,154,42,211,137,150,134,147,8,675,462,1137,True
推薦系統 - 協同過濾(Collaborative Filtering),11,59,72,26,113,61,74,60,73,25,343,231,574,False
演算法 - 圖論(Graph Algorithms)：BFS / DFS,15,18,31,18,64,41,54,38,51,12,215,127,342,True
軟體工程 - 設計模式(Design Patterns),11,22,35,22,72,41,54,41,54,8,226,134,360,True
電腦圖學 - 光柵化(Rasterization),9,50,63,5,83,52,65,48,61,10,281,165,446,True
形式化方法 - 模型檢查(Model Checking),11,65,78,14,107,74,87,69,82,25,365,247,612,True
"演算法 - 動態規劃(Dynamic Programming, DP)",29,66,79,15,109,71,84,67,80,8,381,227,608,True
演算法 - 匹配(Matching)：Bipartite Matching / Hungarian,31,95,108,38,161,93,106,86,99,14,505,326,831,True
資訊安全 - 對稱/非對稱加密(Symmetric/Asymmetric Encryption),27,48,61,28,104,49,62,44,57,10,311,179,490,True
資料結構 - 連結串列(Linked List),27,107,120,27,162,113,126,110,123,10,558,367,925,True
演算法 - 隨機化演算法(Randomized Algorithms),27,100,113,32,160,96,109,92,105,23,514,343,857,True
演算法 - 平行演算法(Parallel Algorithms),27,82,95,17,127,89,102,85,98,9,449,282,731,True
分散式系統 - 時鐘與排序(Clock)：Lamport / Vector Clock,31,138,151,54,220,157,170,159,172,12,744,520,1264,True
程式設計 - 記憶體管理(Memory Management),27,142,155,38,208,175,188,174,187,13,765,542,1307,True
分散式系統 - 時鐘與排序(Clock)：Lamport / Vector Clock,31,325,338,110,463,286,299,268,281,6,1412,995,2407,True
自然語言處理 - 語言模型(Language Models) 與 Tokenization,31,83,96,25,136,57,70,58,71,13,404,236,640,True
計算機網路 - Routing：OSPF / BGP,29,412,425,132,572,415,428,414,427,19,1881,1392,3273,True
資料庫 - 隔離等級(Isolation Levels),27,131,144,43,202,208,221,206,219,15,813,603,1416,True
資料結構 - 堆疊(Stack),25,181,194,33,242,236,249,237,250,11,960,698,1658,True
資料工程 - 大數據(Big Data)：Spark 基礎,29,107,120,51,186,118,131,116,129,23,595,415,1010,True
演算法 - 回溯(Backtracking),24,88,101,39,155,99,112,91,104,11,496,328,824,True
作業系統 - 虛擬化(Virtualization)：Hypervisor,25,140,153,64,232,152,165,126,139,12,714,494,1208,True
計算機架構 - 匯流排與 I/O(Bus & I/O),31,99,112,50,177,91,104,88,101,16,525,344,869,True
資料結構 - Trie/Prefix Tree,27,88,101,71,187,121,134,119,132,15,581,414,995,True
MLOps - 模型部署(Model Deployment),27,50,63,39,117,73,86,69,82,8,375,239,614,True
計算機網路 - 網路安全概念(Network Security Basics),29,88,101,62,178,97,110,95,108,6,526,348,874,True
作業系統 - 同步(Synchronization)：Mutex / Semaphore / Monitor,33,144,157,96,268,160,173,149,162,32,793,581,1374,True
資訊安全 - 惡意程式(Malware) 基礎,27,40,53,15,83,57,70,54,67,7,300,173,473,True
"資料結構 - Fenwick Tree (Binary Indexed Tree, BIT)",35,125,138,36,189,157,170,154,167,21,699,493,1192,True
資料工程 - ETL/ELT,25,78,91,52,158,91,104,90,103,16,481,327,808,True
演算法 - 貪婪(Greedy),25,62,75,37,127,95,108,94,107,13,442,301,743,True
分散式系統 - Service Discovery,27,67,80,23,118,59,72,58,71,8,368,215,583,True
資料結構 - 集合(Set),25,73,86,68,169,69,82,67,80,24,442,301,743,True
資料庫 - 併發控制(Concurrency Control)：2PL / MVCC,31,74,87,54,156,95,108,84,97,10,479,317,796,True
軟體工程 - 微服務(Microservices),24,74,87,20,122,74,87,65,78,9,398,242,640,True
演算法 - 全點對最短路徑(All-Pairs)：Floyd-Warshall,25,67,80,28,123,90,103,89,102,10,433,284,717,True
資料庫 - NoSQL：Key-Value / Document / Column / Graph,36,141,154,59,228,195,208,168,181,19,807,582,1389,True
資訊安全 - 雜湊(Hash) 與 HMAC,29,59,72,35,122,82,95,52,65,7,383,235,618,True
平行與高效能運算 - 多執行緒(Threads) 與 OpenMP,29,92,105,49,169,174,187,172,185,15,675,502,1177,True
分散式系統 - 共識(Consensus)：Paxos / Raft,29,106,119,61,195,114,127,112,125,19,595,412,1007,True
演算法 - 拓樸排序(Topological Sort),27,240,253,41,309,253,266,252,265,11,1120,797,1917,True
電腦視覺 - 分割(Segmentation),25,44,57,58,130,51,64,49,62,10,338,212,550,True
演算法 - 雙指標(Two Pointers) 與滑動視窗(Sliding Window),31,195,208,80,303,248,261,236,249,7,1052,766,1818,True
資料庫 - 查詢最佳化(Query Optimization),27,136,149,40,204,183,196,176,189,18,765,553,1318,True
演算法 - 回溯(Backtracking),25,59,72,39,126,57,70,65,78,11,371,231,602,True
軟體工程 - 版本控制(Git) 與分支策略(Branching Strategy),28,89,102,56,173,137,150,145,158,22,611,449,1060,True
分散式系統 - MapReduce 與資料處理,27,103,116,76,207,126,139,96,109,13,598,414,1012,True
程式設計 - 函數式程式設計(Functional Programming),27,61,74,19,108,166,179,169,182,9,570,424,994,True
資訊安全 - 雜湊(Hash) 與 HMAC,29,72,85,38,138,71,84,72,85,7,421,260,681,True
資料庫 - 事件串流(Event Streaming)：Kafka 基礎,29,94,107,37,159,109,122,95,108,11,525,346,871,True
資料結構 - 陣列(Array),25,67,80,33,128,77,90,75,88,8,411,260,671,True
資料結構 - 動態陣列(Dynamic Array),26,146,159,37,211,201,214,182,195,9,805,575,1380,True
電腦圖學 - 2D/3D 轉換(Transforms),27,133,146,28,189,129,142,128,141,7,645,425,1070,True
深度學習 - 表徵學習(Representation Learning),27,49,62,37,114,38,51,37,50,7,304,168,472,True
演算法 - 隨機化演算法(Randomized Algorithms),26,86,99,50,164,120,133,119,132,12,554,387,941,True
資訊安全 - Web 安全：XSS / CSRF / SQL Injection,37,106,119,61,195,150,163,149,162,21,676,487,1163,True
推薦系統 - 協同過濾(Collaborative Filtering),27,70,83,50,148,119,132,106,119,16,509,361,870,True
平行與高效能運算 - GPU 計算(CUDA) 基礎,29,131,144,58,217,180,193,171,184,18,767,558,1325,True
計算機架構 - Pipeline 與 Hazard,29,167,180,79,274,220,233,171,184,24,900,661,1561,True
深度學習 - 表徵學習(Representation Learning),26,56,69,42,126,81,94,61,74,8,389,248,637,True
計算機網路 - 網路安全概念(Network Security Basics),29,120,133,47,195,132,145,132,145,6,647,437,1084,True
資訊安全 - 密碼學基礎(Cryptography Basics),27,91,104,38,157,98,111,97,110,6,509,330,839,True
計算機網路 - Routing：OSPF / BGP,29,107,120,59,194,140,153,133,146,17,642,456,1098,True
資訊安全 - OAuth2 / OpenID Connect,31,151,164,75,254,200,213,188,201,28,863,642,1505,True
平行與高效能運算 - GPU 計算(CUDA) 基礎,29,144,157,59,231,143,156,141,154,14,727,501,1228,True
計算機網路 - TLS/HTTPS,25,85,98,47,160,91,104,83,96,14,483,320,803,True
資料結構 - 動態陣列(Dynamic Array),27,84,97,35,147,83,96,82,95,6,462,290,752,True
演算法 - 隨機化演算法(Randomized Algorithms),27,62,75,16,106,73,86,72,85,8,379,231,610,True
演算法 - 最短路徑(Shortest Path)：Dijkstra / Bellman-Ford,31,99,112,35,162,103,116,101,114,10,535,348,883,True
資料結構 - 雙端佇列(Deque),25,42,55,39,109,46,59,43,56,9,304,179,483,True
資料工程 - 資料湖(Data Lake) 與 Lakehouse,31,115,128,52,195,103,116,95,108,12,578,377,955,True
分散式系統 - 一致性模型(Consistency Models),27,77,90,36,141,86,99,84,97,6,454,289,743,True
機器學習 - 決策樹與集成(Tree Ensembles)：Random Forest / XGBoost,32,133,146,70,231,167,180,163,176,15,765,548,1313,True
演算法 - 匹配(Matching)：Bipartite Matching / Hungarian,31,107,120,81,216,176,189,119,132,12,688,495,1183,True
機器學習 - 監督/非監督/強化學習(Supervised/Unsupervised/RL),25,40,53,43,111,51,64,49,62,8,315,191,506,True
資料工程 - 資料治理(Data Governance),27,69,82,13,110,80,93,66,79,7,391,235,626,True
作業系統 - CPU 排程(CPU Scheduling),29,111,124,48,187,98,111,93,106,16,557,366,923,True
分散式系統 - 容錯(Fault Tolerance),27,152,165,71,251,207,220,201,214,21,877,652,1529,True
資料庫 - NoSQL：Key-Value / Document / Column / Graph,37,50,63,35,113,76,89,72,85,14,387,247,634,True
程式設計 - 指標與參照(Pointers & References),29,76,89,37,141,94,107,87,100,10,466,304,770,True
演算法 - 圖論(Graph Algorithms)：BFS / DFS,31,78,91,51,157,104,117,88,101,10,497,331,828,True
資料庫 - 資料倉儲(Data Warehouse) 與 OLAP,31,112,125,73,213,122,135,112,125,15,629,434,1063,True
演算法 - 排序(Sorting)：QuickSort / MergeSort / HeapSort,33,99,112,47,174,127,140,124,137,11,596,408,1004,True
雲端 - 快取與訊息佇列(Cache & Message Queue),31,73,86,47,148,85,98,79,92,12,455,296,751,True
資料結構 - 字串(String),25,187,200,39,254,216,229,216,229,19,937,677,1614,True
資料結構 - LRU Cache,27,141,154,61,230,207,220,199,212,12,843,620,1463,True
分散式系統 - 容錯(Fault Tolerance),27,127,140,37,192,139,152,136,149,13,660,452,1112,True
平行與高效能運算 - 多執行緒(Threads) 與 OpenMP,29,72,85,61,161,112,125,113,126,13,526,371,897,True
演算法 - 雙指標(Two Pointers) 與滑動視窗(Sliding Window),31,82,95,48,158,92,105,89,102,10,491,321,812,True
軟體工程 - 重構(Refactoring),25,40,53,21,89,51,64,45,58,8,289,165,454,True
資料庫 - 正規化(Normalization),25,190,203,66,284,251,264,250,263,10,1039,767,1806,True
作業系統 - 容器與命名空間(Containers & Namespaces),29,79,92,38,145,93,106,84,97,10,469,304,773,True
資料結構 - AVL Tree,27,188,201,68,284,183,196,185,198,13,906,637,1543,True
資訊安全 - 漏洞與攻擊面(Vulnerabilities & Attack Surface),31,55,68,28,111,60,73,54,67,9,350,206,556,True
MLOps - 模型監控(Model Monitoring) 與漂移(Drift),29,119,132,73,220,123,136,119,132,16,649,450,1099,True
雲端 - 負載平衡(Load Balancing),27,284,297,85,397,274,287,261,274,15,1282,919,2201,True
資料庫 - 交易(Transaction) 與 ACID,29,48,61,22,98,52,65,50,63,8,316,180,496,True
IoT - 感測器(Sensors) 與資料收集,27,61,74,41,130,58,71,51,64,12,366,223,589,True
資料庫 - 時序資料庫(Time-Series DB),27,96,109,50,174,108,121,104,117,14,548,372,920,True
MLOps - 模型監控(Model Monitoring) 與漂移(Drift),29,54,67,58,140,99,112,96,109,15,457,322,779,True
演算法 - 強連通分量(SCC)：Kosaraju / Tarjan,29,107,120,82,217,137,150,124,137,12,653,462,1115,True
IoT - 感測器(Sensors) 與資料收集,27,62,75,34,124,79,92,69,82,13,400,257,657,True
形式化方法 - 模型檢查(Model Checking),26,114,127,32,174,90,103,79,92,6,522,321,843,True
"資料結構 - Union-Find (Disjoint Set Union, DSU)",33,100,113,62,190,106,119,107,120,10,575,385,960,True
計算機網路 - WebSocket,25,81,94,63,172,101,114,99,112,13,517,357,874,True
資訊安全 - 數位簽章(Digital Signature),27,32,45,35,95,58,71,63,76,6,314,194,508,True
遊戲開發 - 遊戲迴圈(Game Loop) 與物理引擎(Physics Engine),31,87,100,44,159,86,99,87,100,12,489,316,805,True
計算機架構 - SIMD / 向量化(Vectorization),29,104,117,60,192,109,122,103,116,13,576,389,965,True
資訊安全 - 雜湊(Hash) 與 HMAC,29,96,109,32,156,102,115,87,100,8,509,325,834,True
雲端 - 負載平衡(Load Balancing),27,112,125,43,183,105,118,102,115,16,568,378,946,True
電腦圖學 - 2D/3D 轉換(Transforms),27,103,116,53,184,143,156,136,149,6,632,441,1073,True
計算機架構 - SIMD / 向量化(Vectorization),29,99,112,57,184,109,122,85,98,10,545,360,905,True
資訊檢索 - 搜尋引擎(Information Retrieval),27,51,64,56,135,76,89,68,81,14,396,265,661,True
分散式系統 - CAP 定理(CAP Theorem),29,88,101,52,168,95,108,87,100,11,506,333,839,True
資訊檢索 - 搜尋引擎(Information Retrieval),26,54,67,37,119,55,68,55,68,15,348,216,564,True
演算法 - 回溯(Backtracking),25,62,75,50,140,85,98,59,72,9,410,265,675,True
計算機架構 - 亂序執行(Out-of-Order Execution),27,102,115,71,201,179,192,180,193,16,728,548,1276,True
作業系統 - 死結(Deadlock),25,46,59,24,98,42,55,42,55,8,292,162,454,True
IoT - 感測器(Sensors) 與資料收集,27,53,66,46,127,90,103,61,74,10,397,260,657,True
推薦系統 - 協同過濾(Collaborative Filtering),27,32,45,30,90,57,70,41,54,9,286,169,455,True
資料結構 - 字串(String),25,268,281,85,381,277,290,240,253,9,1230,879,2109,True
嵌入式系統 - 通訊協定(I2C / SPI / UART),33,111,124,65,204,137,150,135,148,9,659,457,1116,True
資料庫 - 併發控制(Concurrency Control)：2PL / MVCC,31,119,132,48,195,92,105,90,103,22,566,371,937,True
形式化方法 - 模型檢查(Model Checking),27,59,72,52,139,59,72,55,68,8,378,233,611,True
程式設計 - 測試(Test)：Unit Test / Integration Test,33,73,86,31,132,73,86,78,91,6,428,261,689,True
"嵌入式系統 - 即時系統(Real-Time Systems, RTOS)",29,54,67,23,105,116,129,94,107,7,437,294,731,True
分散式系統 - 容錯(Fault Tolerance),27,249,262,84,361,332,345,333,346,14,1341,1012,2353,True
計算機網路 - Ethernet 與 MAC(Ethernet/MAC),29,119,132,42,189,128,141,117,130,11,621,417,1038,True
資料結構 - 動態陣列(Dynamic Array),27,97,110,39,164,119,132,115,128,17,561,387,948,True
資訊安全 - 對稱/非對稱加密(Symmetric/Asymmetric Encryption),27,84,97,64,176,106,119,98,111,18,530,370,900,True
資訊安全 - 對稱/非對稱加密(Symmetric/Asymmetric Encryption),27,39,52,39,106,56,69,47,60,10,314,191,505,True
理論 - 近似與隨機(Approximation & Randomization),29,130,143,67,225,159,172,156,169,16,738,528,1266,True
IoT - 感測器(Sensors) 與資料收集,27,46,59,31,105,58,71,55,68,10,330,200,530,True
"資料結構 - Union-Find (Disjoint Set Union, DSU)",33,127,140,64,219,139,152,135,148,18,692,483,1175,True
演算法 - 排序(Sorting)：QuickSort / MergeSort / HeapSort,33,127,140,74,229,131,144,130,143,14,689,476,1165,True
資料庫 - 分割與分片(Partitioning & Sharding),29,51,64,37,116,86,99,63,76,10,384,247,631,True
自然語言處理 - 語言模型(Language Models) 與 Tokenization,31,84,97,48,160,95,108,100,113,12,509,339,848,True
"演算法 - 動態規劃(Dynamic Programming, DP)",29,77,90,23,128,93,106,89,102,11,455,293,748,True
平行與高效能運算 - 多執行緒(Threads) 與 OpenMP,28,66,79,41,135,80,93,98,111,19,446,304,750,True
軟體工程 - 版本控制(Git) 與分支策略(Branching Strategy),29,139,152,82,249,159,172,131,144,19,746,530,1276,True
深度學習 - 最佳化(Optimization)：SGD / Adam,29,88,101,60,176,99,112,96,109,13,527,356,883,True
資料結構 - 圖(Graph) 表示法（Adjacency List/Matrix）,29,78,91,44,150,81,94,81,94,6,458,290,748,True
資料探勘 - 分群(Clustering) 與降維(Dimensionality Reduction),29,69,82,35,132,69,82,58,71,12,396,243,639,True
自然語言處理 - 指令微調(Instruction Tuning),27,71,84,53,152,52,65,48,61,10,389,234,623,True
演算法 - 搜尋(Searching)：Binary Search,27,248,261,65,341,389,402,368,381,10,1412,1080,2492,True
程式設計 - 例外處理(Exception Handling),27,78,91,45,151,115,128,116,129,9,526,363,889,True
計算機網路 - HTTP/1.1 vs HTTP/2 vs HTTP/3,33,115,128,72,215,126,139,129,142,11,657,453,1110,True
作業系統 - 同步(Synchronization)：Mutex / Semaphore / Monitor,33,81,94,49,158,90,103,83,96,20,484,323,807,True
深度學習 - 反向傳播(Backpropagation),24,111,124,35,174,118,131,86,99,8,552,358,910,True
程式設計 - 指標與參照(Pointers & References),29,151,164,75,254,193,206,193,206,17,859,629,1488,True
資料結構 - Segment Tree,27,57,70,49,134,70,83,71,84,10,398,257,655,True
軟體工程 - 重構(Refactoring),25,44,57,26,98,46,59,48,61,6,300,170,470,True
計算機網路 - IP / Subnetting (CIDR),31,124,137,44,196,180,193,171,184,6,741,525,1266,True
軟體工程 - 可觀測性(Observability)：Logging / Metrics / Tracing,33,60,73,48,136,85,98,66,79,8,419,267,686,True
資料庫 - 複寫(Replication) 與一致性(Consistency),27,68,81,35,131,72,85,70,83,12,407,257,664,True
雲端 - 負載平衡(Load Balancing),27,136,149,66,230,147,160,126,139,21,705,496,1201,True
機器學習 - 線性模型(Linear Models)：Linear/Logistic Regression,29,89,102,41,158,114,127,109,122,10,538,363,901,True
軟體安全 - 靜態分析(Static Analysis),27,54,67,36,118,45,58,43,56,6,326,184,510,True
計算機網路 - Ethernet 與 MAC(Ethernet/MAC),28,97,110,33,158,120,133,118,131,13,560,381,941,True
演算法 - 平行演算法(Parallel Algorithms),27,90,103,33,151,94,107,92,105,15,493,324,817,True
軟體安全 - 動態分析(Dynamic Analysis),27,54,67,46,128,61,74,58,71,13,367,232,599,True
計算機架構 - GPU 架構(GPU Architecture),29,155,168,71,254,168,181,181,194,25,826,600,1426,True
作業系統 - 置換演算法(Page Replacement)：LRU / FIFO,31,243,256,26,297,387,400,384,397,14,1381,1054,2435,True
演算法 - 最短路徑(Shortest Path)：Dijkstra / Bellman-Ford,31,138,151,54,220,157,170,153,166,10,738,512,1250,True
軟體安全 - 靜態分析(Static Analysis),27,138,151,53,219,103,116,103,116,11,629,408,1037,True
計算機網路 - CDN 與快取(Cache),27,108,121,39,175,126,139,111,124,15,586,399,985,True
演算法 - 搜尋(Searching)：Binary Search,27,262,275,44,334,332,345,335,348,10,1329,983,2312,True
資料庫 - 復原與日誌(Recovery & WAL),29,94,107,50,172,116,129,112,125,36,562,408,970,True
分散式系統 - Leader Election,27,125,138,86,239,142,155,134,147,7,706,494,1200,True
編譯器 - 詞法分析(Lexical Analysis),26,30,43,28,86,74,87,64,77,9,319,205,524,True
演算法 - 排序(Sorting)：QuickSort / MergeSort / HeapSort,33,131,144,56,215,141,154,137,150,9,696,474,1170,True
強化學習 - MDP 與策略梯度(Policy Gradient),29,186,199,46,260,172,185,172,185,16,858,592,1450,True
資料結構 - 連結串列(Linked List),27,70,83,60,158,88,101,89,102,10,471,317,788,True
資料結構 - 集合(Set),25,84,97,27,139,107,120,107,120,12,501,337,838,True
資訊安全 - 身分驗證(Authentication) 與授權(Authorization),27,56,69,20,104,68,81,69,82,8,363,221,584,True
電腦視覺 - 分割(Segmentation),25,48,61,44,120,49,62,50,63,6,331,197,528,True
資料結構 - Heap / Priority Queue,31,81,94,33,142,105,118,95,108,13,493,327,820,True
人機互動 - 互動設計(Interaction Design),27,43,56,16,87,47,60,44,57,9,287,159,446,True
作業系統 - 同步(Synchronization)：Mutex / Semaphore / Monitor,33,115,128,51,194,106,119,86,99,13,573,371,944,True
軟體工程 - SOLID 原則(SOLID Principles),29,56,69,22,106,78,91,59,72,13,367,228,595,True
資料結構 - 字串(String),25,94,107,52,174,122,135,114,127,15,568,397,965,True
嵌入式系統 - 通訊協定(I2C / SPI / UART),33,104,117,43,175,136,149,125,138,10,612,418,1030,True
資訊安全 - 數位簽章(Digital Signature),27,65,78,32,125,81,94,78,91,11,415,267,682,True
雲端 - 負載平衡(Load Balancing),27,80,93,51,159,109,122,101,114,12,515,353,868,True
計算機架構 - 匯流排與 I/O(Bus & I/O),31,126,139,63,217,137,150,126,139,16,676,468,1144,True
軟體工程 - 可觀測性(Observability)：Logging / Metrics / Tracing,33,90,103,42,160,110,123,93,106,9,525,344,869,True
資訊檢索 - 搜尋引擎(Information Retrieval),27,111,124,32,171,119,132,122,135,14,589,398,987,True
資料結構 - 雜湊表(Hash Table),27,49,62,17,94,74,87,60,73,8,343,208,551,True
軟體工程 - 重構(Refactoring),25,107,120,30,165,82,95,77,90,17,495,313,808,True
作業系統 - 競態條件(Race Condition),26,146,159,46,220,195,208,189,202,8,815,584,1399,True
計算機網路 - CDN 與快取(Cache),27,85,98,49,162,92,105,93,106,15,498,334,832,True
分散式系統 - 時鐘與排序(Clock)：Lamport / Vector Clock,31,136,149,44,208,118,131,116,129,12,648,426,1074,True
電腦圖學 - 光柵化(Rasterization),25,45,58,41,114,56,69,59,72,7,338,208,546,True
深度學習 - CNN / RNN / Transformer,33,79,92,31,138,87,100,71,84,12,447,280,727,True
理論 - 近似與隨機(Approximation & Randomization),29,134,147,48,210,177,190,174,187,29,763,562,1325,True
資料結構 - 堆疊(Stack),25,261,274,35,324,266,279,254,267,10,1169,826,1995,True
分散式系統 - 時鐘與排序(Clock)：Lamport / Vector Clock,31,145,158,65,238,133,146,131,144,12,717,486,1203,True
資訊安全 - 惡意程式(Malware) 基礎,27,56,69,39,123,90,103,66,79,7,401,258,659,True
資訊安全 - 惡意程式(Malware) 基礎,27,70,83,18,116,125,138,120,133,7,497,340,837,True
資料結構 - 陣列(Array),25,55,68,48,131,94,107,84,97,6,428,287,715,True
資料結構 - Bloom Filter,27,67,80,37,132,86,99,93,106,9,444,292,736,True
資料庫 - 正規化(Normalization),25,122,135,57,207,136,149,134,147,8,663,457,1120,True
資料庫 - NoSQL：Key-Value / Document / Column / Graph,37,47,60,14,89,54,67,53,66,10,319,178,497,True
資訊安全 - 密碼學基礎(Cryptography Basics),27,91,104,40,159,107,120,96,109,8,519,342,861,True
資訊安全 - 密碼學基礎(Cryptography Basics),27,116,129,49,193,121,134,120,133,12,616,418,1034,True
資料結構 - LRU Cache,27,125,138,45,198,149,162,150,163,15,688,484,1172,True
分散式系統 - 兩階段提交(2PC) 與三階段提交(3PC),27,215,228,65,308,191,204,177,190,15,957,663,1620,True
資料結構 - Skip List,27,64,77,56,148,120,133,117,130,11,515,368,883,True
作業系統 - 記憶體管理(Virtual Memory / Paging),31,99,112,73,200,103,116,105,118,16,577,396,973,True
深度學習 - 正規化與泛化(Regularization & Generalization),29,54,67,37,119,93,106,68,81,16,402,268,670,True
資料結構 - Red-Black Tree,27,70,83,47,145,90,103,85,98,13,456,305,761,True
資訊安全 - 身分驗證(Authentication) 與授權(Authorization),27,84,97,50,162,106,119,84,97,10,502,334,836,True
計算機網路 - TCP：三向交握(3-way handshake) 與流量控制,29,64,77,58,150,76,89,75,88,18,433,291,724,True
資料工程 - 特徵工程(Feature Engineering),27,64,77,30,122,72,85,79,92,8,403,253,656,True
計算機網路 - NAT / Firewall,29,121,134,77,226,141,154,139,152,17,695,495,1190,True
"演算法 - 動態規劃(Dynamic Programming, DP)",29,152,165,42,222,195,208,190,203,19,827,598,1425,True
機器學習 - 神經網路(Neural Networks),27,90,103,23,141,92,105,91,104,13,480,309,789,True
分散式系統 - MapReduce 與資料處理,26,102,115,66,196,127,140,122,135,14,612,431,1043,True
資料結構 - 動態陣列(Dynamic Array),27,43,56,44,115,68,81,64,77,6,356,225,581,True
計算機網路 - HTTP/1.1 vs HTTP/2 vs HTTP/3,33,93,106,34,155,91,104,85,98,8,496,311,807,True
分散式系統 - 時鐘與排序(Clock)：Lamport / Vector Clock,31,128,141,59,215,147,160,143,156,12,703,489,1192,True
資料結構 - Bloom Filter,27,38,51,17,83,47,60,46,59,7,280,155,435,True
計算機架構 - SIMD / 向量化(Vectorization),29,89,102,56,173,90,103,101,114,12,521,348,869,True
資料結構 - Bloom Filter,27,72,85,36,136,81,94,84,97,7,439,280,719,True
演算法 - 排序(Sorting)：QuickSort / MergeSort / HeapSort,33,155,168,64,247,154,167,143,156,11,771,527,1298,True
程式設計 - 測試(Test)：Unit Test / Integration Test,32,42,55,44,114,43,56,40,53,8,310,177,487,True
軟體工程 - 效能分析(Profiling) 與最佳化(Optimization),27,65,78,33,126,66,79,59,72,6,382,229,611,True
理論 - P/NP 與 NP-Complete,29,128,141,57,213,160,173,163,176,13,732,521,1253,True
計算機網路 - Ethernet 與 MAC(Ethernet/MAC),29,110,123,41,179,91,104,90,103,10,538,342,880,True
資料庫 - 正規化(Normalization),25,168,181,43,239,151,164,158,171,16,780,536,1316,True
資料結構 - 雜湊表(Hash Table),27,35,48,26,89,50,63,50,63,8,290,169,459,True
計算機網路 - TLS/HTTPS,25,118,131,37,183,129,142,104,117,11,598,399,997,True
演算法 - 搜尋(Searching)：Binary Search,27,199,212,38,265,312,325,308,321,6,1150,863,2013,True
資料庫 - 索引(Index)：B+ Tree / Hash Index,33,114,127,44,186,128,141,120,133,12,620,418,1038,True
軟體工程 - CI/CD,25,63,76,21,112,64,77,71,84,13,374,232,606,True
演算法 - 字串比對(String Matching)：KMP / Rabin-Karp / Z-algorithm,35,108,121,51,187,146,159,126,139,14,641,445,1086,True
程式設計 - 測試(Test)：Unit Test / Integration Test,33,56,69,39,123,70,83,59,72,6,380,230,610,True
演算法 - 圖論(Graph Algorithms)：BFS / DFS,31,93,106,61,182,137,150,129,142,16,611,436,1047,True
深度學習 - 反向傳播(Backpropagation),25,133,146,60,221,163,176,152,165,12,733,520,1253,True
作業系統 - 死結(Deadlock),25,59,72,40,127,60,73,58,71,8,368,225,593,True
作業系統 - 行程/執行緒(Process/Thread),25,56,69,28,112,77,90,66,79,12,375,239,614,True
軟體工程 - 版本控制(Git) 與分支策略(Branching Strategy),29,106,119,47,181,159,172,147,160,17,661,476,1137,True
軟體工程 - 微服務(Microservices),25,55,68,31,114,55,68,54,67,10,342,205,547,True
分散式系統 - Service Discovery,27,102,115,57,187,118,131,116,129,8,589,401,990,True
計算機網路 - ARP / DHCP / DNS,32,251,264,90,369,251,264,189,202,17,1131,798,1929,True
計算機架構 - 指令集架構(ISA)：RISC vs CISC,29,103,116,35,166,90,103,90,103,12,517,330,847,True
分散式系統 - Stream Processing（Flink / Spark Streaming）,32,46,59,35,109,39,52,41,54,9,306,170,476,True
資料工程 - 資料湖(Data Lake) 與 Lakehouse,31,131,144,41,200,103,116,101,114,14,605,390,995,True
嵌入式系統 - 通訊協定(I2C / SPI / UART),33,92,105,39,159,91,104,88,101,8,502,318,820,True
資料庫 - 復原與日誌(Recovery & WAL),29,102,115,83,213,118,131,96,109,12,597,411,1008,True
作業系統 - 系統呼叫(System Calls),27,220,233,106,354,229,242,227,240,11,1096,793,1889,True
作業系統 - 系統呼叫(System Calls),27,47,60,53,128,101,114,80,93,9,422,290,712,True
資料結構 - 字串(String),25,212,225,53,293,316,329,315,328,14,1200,910,2110,True
"資料結構 - 二元搜尋樹(Binary Search Tree, BST)",30,112,125,24,164,109,122,109,122,7,563,361,924,True
MLOps - 實驗追蹤(Experiment Tracking)：MLflow,27,87,100,52,167,102,115,81,94,17,503,339,842,True
軟體工程 - API 設計(REST / GraphQL),31,133,146,44,205,155,168,131,144,14,694,477,1171,True
資訊安全 - 身分驗證(Authentication) 與授權(Authorization),26,58,71,46,132,68,81,63,76,17,386,252,638,True
電腦視覺 - 影像分類(Image Classification),27,48,61,24,100,43,56,41,54,6,298,162,460,True
分散式系統 - 時鐘與排序(Clock)：Lamport / Vector Clock,31,117,130,84,229,139,152,137,150,15,692,492,1184,True
資料工程 - 資料品質(Data Quality),27,48,61,22,98,66,79,53,66,7,331,196,527,True
IoT - 感測器(Sensors) 與資料收集,27,128,141,68,224,176,189,173,186,12,767,557,1324,True
深度學習 - 表徵學習(Representation Learning),27,35,48,30,93,53,66,58,71,9,305,185,490,True
計算機架構 - 指令集架構(ISA)：RISC vs CISC,29,100,113,46,174,134,147,132,145,18,608,430,1038,True
"編譯器 - 中介表示(Intermediate Representation, IR)",28,93,106,52,173,109,122,109,122,15,551,378,929,True
資料工程 - 資料品質(Data Quality),27,44,57,21,93,52,65,53,66,13,308,183,491,True
資料庫 - 復原與日誌(Recovery & WAL),29,149,162,75,252,151,164,153,166,28,773,556,1329,True
深度學習 - 正規化與泛化(Regularization & Generalization),29,45,58,41,114,51,64,54,67,14,332,205,537,True
分散式系統 - 一致性模型(Consistency Models),27,66,79,44,138,76,89,74,87,11,420,271,691,True
軟體工程 - 可觀測性(Observability)：Logging / Metrics / Tracing,33,97,110,37,162,73,86,69,82,11,473,287,760,True
資訊安全 - 對稱/非對稱加密(Symmetric/Asymmetric Encryption),26,41,54,33,102,54,67,49,62,6,311,183,494,True
"編譯器 - 抽象語法樹(Abstract Syntax Tree, AST)",31,138,151,53,219,148,161,146,159,15,721,500,1221,True
軟體工程 - 微服務(Microservices),25,64,77,34,126,71,84,62,75,13,387,244,631,True
資料結構 - 雙端佇列(Deque),25,87,100,26,141,107,120,97,110,18,496,335,831,True
計算機網路 - TCP 擁塞控制(Congestion Control),29,162,175,66,256,179,192,174,187,17,839,598,1437,True
程式設計 - 測試(Test)：Unit Test / Integration Test,33,65,78,22,115,84,97,66,79,6,402,243,645,True
"資料結構 - 二元搜尋樹(Binary Search Tree, BST)",31,72,85,46,146,78,91,77,90,11,443,284,727,True
資料結構 - 動態陣列(Dynamic Array),27,59,72,38,125,71,84,67,80,8,388,243,631,True
分散式系統 - 分散式鎖(Distributed Lock),27,77,90,44,149,116,129,117,130,18,525,372,897,True
自然語言處理 - 語言模型(Language Models) 與 Tokenization,31,69,82,44,141,73,86,55,68,6,408,247,655,True
演算法 - 遞迴(Recursion) 與分治(Divide and Conquer),31,144,157,32,204,192,205,188,201,14,798,570,1368,True
軟體工程 - SOLID 原則(SOLID Principles),29,89,102,30,147,119,132,114,127,14,537,366,903,True
資料庫 - 複寫(Replication) 與一致性(Consistency),27,140,153,91,259,125,138,115,128,10,705,481,1186,True
深度學習 - 最佳化(Optimization)：SGD / Adam,29,87,100,58,173,111,124,94,107,14,533,364,897,True
"嵌入式系統 - 即時系統(Real-Time Systems, RTOS)",29,76,89,27,131,101,114,98,111,7,474,309,783,True
資料結構 - 連結串列(Linked List),27,36,49,44,108,67,80,56,69,10,333,213,546,True
機器學習 - 決策樹與集成(Tree Ensembles)：Random Forest / XGBoost,33,100,113,37,165,111,124,93,106,12,541,353,894,True
計算機架構 - Pipeline 與 Hazard,29,218,231,83,329,265,278,263,276,24,1143,853,1996,True
作業系統 - 行程/執行緒(Process/Thread),25,65,78,24,117,64,77,67,80,13,377,233,610,True
作業系統 - 容器與命名空間(Containers & Namespaces),29,90,103,32,150,81,94,81,94,14,470,298,768,True
資料庫 - 分割與分片(Partitioning & Sharding),29,75,88,40,143,72,85,63,76,9,421,259,680,True
分散式系統 - CAP 定理(CAP Theorem),29,102,115,60,190,105,118,103,116,12,568,382,950,True
電腦視覺 - 分割(Segmentation),25,73,86,26,127,78,91,59,72,11,401,247,648,True
MLOps - 實驗追蹤(Experiment Tracking)：MLflow,27,77,90,43,148,109,122,101,114,14,501,344,845,True
計算機架構 - SIMD / 向量化(Vectorization),29,122,135,39,189,107,120,104,117,13,590,385,975,True
資訊安全 - Web 安全：XSS / CSRF / SQL Injection,36,89,102,78,195,133,146,127,140,14,619,441,1060,True
資訊安全 - 漏洞與攻擊面(Vulnerabilities & Attack Surface),31,64,77,22,114,63,76,65,78,10,376,224,600,True
資料結構 - 堆疊(Stack),25,145,158,39,212,188,201,188,201,19,797,579,1376,True
資料結構 - 圖(Graph) 表示法（Adjacency List/Matrix）,29,118,131,50,196,122,135,119,132,6,623,415,1038,True
資料庫 - 資料倉儲(Data Warehouse) 與 OLAP,31,41,54,31,100,50,63,51,64,11,312,184,496,True
機器學習 - 決策樹與集成(Tree Ensembles)：Random Forest / XGBoost,33,128,141,43,199,141,154,120,133,13,660,445,1105,True
資料結構 - 位元集合(Bitset),25,129,142,67,224,152,165,152,165,10,721,510,1231,True
演算法 - 拓樸排序(Topological Sort),27,207,220,51,286,238,251,239,252,8,1036,743,1779,True
資料結構 - Bloom Filter,27,68,81,33,129,63,76,59,72,6,385,229,614,True
程式語言 - 記憶體安全(Memory Safety),27,50,63,12,90,42,55,41,54,12,289,157,446,True
深度學習 - 表徵學習(Representation Learning),27,178,191,43,249,146,159,123,136,8,762,498,1260,True
計算機網路 - 網路安全概念(Network Security Basics),29,52,65,26,106,82,95,84,97,6,392,250,642,True
"編譯器 - 抽象語法樹(Abstract Syntax Tree, AST)",31,71,84,48,147,72,85,72,85,15,432,278,710,True
電腦圖學 - 2D/3D 轉換(Transforms),27,148,161,53,229,165,178,165,178,6,773,537,1310,True
資料工程 - 大數據(Big Data)：Spark 基礎,29,109,122,61,198,130,143,128,141,10,633,438,1071,True
計算機架構 - 亂序執行(Out-of-Order Execution),27,79,92,26,133,74,87,73,86,11,425,263,688,True
作業系統 - 競態條件(Race Condition),27,42,55,36,106,44,57,43,56,6,301,171,472,True
平行與高效能運算 - GPU 計算(CUDA) 基礎,29,97,110,34,159,109,122,104,117,20,537,364,901,True
分散式系統 - Leader Election,27,85,98,44,157,128,141,126,139,12,562,395,957,True
DevOps - IaC (Infrastructure as Code)：Terraform,31,106,119,56,190,93,106,92,105,16,551,363,914,True
資料工程 - ETL/ELT,25,67,80,56,151,91,104,90,103,19,463,323,786,True
機器學習 - 監督/非監督/強化學習(Supervised/Unsupervised/RL),25,65,78,25,118,64,77,53,66,8,364,215,579,True
MLOps - 模型監控(Model Monitoring) 與漂移(Drift),29,69,82,59,156,105,118,104,117,15,502,352,854,True
MLOps - 實驗追蹤(Experiment Tracking)：MLflow,27,72,85,55,155,99,112,98,111,20,490,344,834,True
演算法 - 最短路徑(Shortest Path)：Dijkstra / Bellman-Ford,31,67,80,69,164,96,109,93,106,10,490,335,825,True
電腦圖學 - Ray Tracing,27,47,60,42,117,57,70,54,67,16,341,216,557,True
資料結構 - Heap / Priority Queue,31,80,93,32,140,87,100,83,96,10,460,292,752,True
演算法 - 字串比對(String Matching)：KMP / Rabin-Karp / Z-algorithm,35,112,125,73,213,127,140,125,138,9,651,446,1097,True
資料庫 - 時序資料庫(Time-Series DB),27,75,88,51,154,96,109,73,86,6,464,301,765,True
"演算法 - 動態規劃(Dynamic Programming, DP)",28,90,103,26,144,93,106,90,103,6,484,305,789,True
雲端 - Serverless,25,55,68,62,145,50,63,51,64,17,365,235,600,True
程式語言 - 型別系統(Type Systems)：Static/Dynamic,27,77,90,36,141,94,107,92,105,11,470,310,780,True
程式設計 - 測試(Test)：Unit Test / Integration Test,33,58,71,48,134,95,108,71,84,8,430,280,710,True
分散式系統 - Stream Processing（Flink / Spark Streaming）,33,90,103,54,172,143,156,152,165,29,629,468,1097,True
分散式系統 - Stream Processing（Flink / Spark Streaming）,32,59,72,42,129,57,70,55,68,8,371,221,592,True
IoT - MQTT / CoAP,29,120,133,77,225,162,175,118,131,21,693,498,1191,True
深度學習 - CNN / RNN / Transformer,33,94,107,60,182,114,127,111,124,16,573,395,968,True
作業系統 - 虛擬化(Virtualization)：Hypervisor,24,170,183,50,248,186,199,162,175,17,829,585,1414,True
資料工程 - 資料品質(Data Quality),27,48,61,23,99,54,67,50,63,6,317,181,498,True
作業系統 - 死結(Deadlock),24,88,101,33,149,94,107,91,104,7,485,313,798,True
分散式系統 - 一致性模型(Consistency Models),27,116,129,65,209,148,161,148,161,10,687,487,1174,True
資料結構 - LRU Cache,27,226,239,25,279,265,278,247,260,7,1083,770,1853,True
電腦視覺 - 物件偵測(Object Detection),27,62,75,55,145,94,107,87,100,15,454,313,767,True
資料庫 - 時序資料庫(Time-Series DB),27,90,103,58,176,105,118,103,116,18,540,374,914,True
軟體工程 - 效能分析(Profiling) 與最佳化(Optimization),27,44,57,30,102,55,68,49,62,6,316,184,500,True
演算法 - 拓樸排序(Topological Sort),27,65,78,20,113,76,89,72,85,6,392,239,631,True
人機互動 - 可用性(Usability) 與使用者研究(User Study),29,71,84,9,108,73,86,74,87,11,394,238,632,True
機器學習 - 監督/非監督/強化學習(Supervised/Unsupervised/RL),24,61,74,33,122,94,107,69,82,6,409,263,672,True
分散式系統 - 分散式鎖(Distributed Lock),27,120,133,53,201,126,139,131,144,18,644,448,1092,True
計算機網路 - OSI/TCP-IP 模型(OSI/TCP-IP Model),29,84,97,15,127,73,86,69,82,10,421,251,672,True
資料結構 - Heap / Priority Queue,31,118,131,59,205,120,133,124,137,11,637,432,1069,True
資料庫 - 隔離等級(Isolation Levels),27,337,350,116,481,329,342,299,312,31,1512,1112,2624,True
資訊安全 - Web 安全：XSS / CSRF / SQL Injection,37,70,83,40,138,86,99,93,106,15,463,304,767,True
電腦視覺 - 分割(Segmentation),25,60,73,22,110,57,70,50,63,8,341,197,538,True
IoT - 感測器(Sensors) 與資料收集,27,73,86,13,114,85,98,72,85,12,410,255,665,True
編譯器 - 詞法分析(Lexical Analysis),27,62,75,41,131,84,97,80,93,6,423,273,696,True
分散式系統 - 一致性模型(Consistency Models),27,54,67,30,112,102,115,104,117,6,438,296,734,True
MLOps - 實驗追蹤(Experiment Tracking)：MLflow,27,68,81,33,129,102,115,102,115,16,467,321,788,True
資訊安全 - 對稱/非對稱加密(Symmetric/Asymmetric Encryption),27,51,64,37,116,49,62,46,59,6,328,189,517,True
資訊安全 - 漏洞與攻擊面(Vulnerabilities & Attack Surface),31,184,197,74,286,157,170,169,182,16,866,600,1466,True
資料工程 - 特徵工程(Feature Engineering),27,103,116,39,170,125,138,121,134,14,585,402,987,True
計算機網路 - TCP：三向交握(3-way handshake) 與流量控制,29,107,120,48,183,133,146,132,145,13,623,433,1056,True
資料庫 - 隔離等級(Isolation Levels),27,58,71,42,128,81,94,70,83,16,403,267,670,True
分散式系統 - Leader Election,27,140,153,42,210,140,153,138,151,16,694,476,1170,True
軟體工程 - 設計模式(Design Patterns),27,92,105,25,145,108,121,106,119,7,517,338,855,True
資訊安全 - 緩衝區溢位(Buffer Overflow) 概念,29,78,91,60,166,98,111,94,107,12,504,342,846,True
資料庫 - 復原與日誌(Recovery & WAL),29,76,89,81,185,85,98,82,95,26,496,350,846,True
資料結構 - 陣列(Array),24,62,75,41,131,67,80,64,77,6,387,240,627,True
分散式系統 - 兩階段提交(2PC) 與三階段提交(3PC),27,73,86,36,137,76,89,74,87,14,426,273,699,True
資料庫 - 交易(Transaction) 與 ACID,29,49,62,19,96,82,95,70,83,12,365,232,597,True
資料庫 - 事件串流(Event Streaming)：Kafka 基礎,29,121,134,65,214,120,133,118,131,8,641,432,1073,True
資料工程 - 資料治理(Data Governance),27,113,126,47,188,99,112,96,109,10,562,365,927,True
資料結構 - LRU Cache,27,108,121,78,214,151,164,152,165,8,691,497,1188,True
機器學習 - 神經網路(Neural Networks),27,96,109,57,181,116,129,111,124,12,570,392,962,True
資訊安全 - 惡意程式(Malware) 基礎,27,116,129,41,185,139,152,115,128,17,621,428,1049,True
計算機架構 - 指令集架構(ISA)：RISC vs CISC,29,99,112,41,168,97,110,92,105,16,524,345,869,True
雲端 - 負載平衡(Load Balancing),27,79,92,51,158,99,112,91,104,18,493,338,831,True
演算法 - 最大流/最小割(Max Flow/Min Cut)：Edmonds-Karp / Dinic,33,126,139,58,212,138,151,125,138,15,673,462,1135,True
作業系統 - 記憶體管理(Virtual Memory / Paging),31,67,80,25,120,86,99,81,94,6,424,265,689,True
資料庫 - 正規化(Normalization),25,64,77,30,122,81,94,79,92,14,410,268,678,True
資料結構 - Bloom Filter,27,82,95,57,167,91,104,86,99,9,492,325,817,True
軟體工程 - API 設計(REST / GraphQL),31,137,150,57,222,151,164,150,163,17,730,512,1242,True
資料庫 - 交易(Transaction) 與 ACID,29,50,63,41,119,79,92,66,79,16,382,252,634,True
計算機網路 - CDN 與快取(Cache),27,76,89,42,146,78,91,76,89,25,442,297,739,True
理論 - 資訊理論(Information Theory)：Entropy,27,147,160,34,209,159,172,154,167,10,735,504,1239,True
分散式系統 - Stream Processing（Flink / Spark Streaming）,33,49,62,59,136,54,67,52,65,9,363,223,586,True
電腦圖學 - 光照模型(Lighting Models),27,90,103,44,162,92,105,91,104,10,501,327,828,True
雲端 - Serverless,25,78,91,34,140,63,76,64,77,8,409,247,656,True
電腦視覺 - 影像分類(Image Classification),27,169,182,67,264,150,163,144,157,18,793,548,1341,True
雲端 - Serverless,25,89,102,36,153,110,123,112,125,15,528,362,890,True
計算機網路 - UDP 與 QUIC,28,165,178,71,264,233,246,197,210,11,926,677,1603,True
編譯器 - 最佳化(Compiler Optimizations),27,129,142,34,191,133,146,131,144,10,650,437,1087,True
演算法 - 最短路徑(Shortest Path)：Dijkstra / Bellman-Ford,31,114,127,94,236,145,158,142,155,15,707,510,1217,True
資訊安全 - 緩衝區溢位(Buffer Overflow) 概念,29,59,72,39,126,161,174,79,92,16,493,354,847,True
計算機架構 - 匯流排與 I/O(Bus & I/O),31,111,124,65,204,131,144,129,142,31,645,467,1112,True
計算機網路 - Ethernet 與 MAC(Ethernet/MAC),29,115,128,57,200,202,215,174,187,14,759,562,1321,True
資訊安全 - 漏洞與攻擊面(Vulnerabilities & Attack Surface),31,53,66,29,110,75,88,70,83,9,378,236,614,True
電腦視覺 - 分割(Segmentation),25,86,99,43,157,78,91,74,87,12,459,293,752,True
資料庫 - NoSQL：Key-Value / Document / Column / Graph,37,69,82,36,133,83,96,86,99,14,447,288,735,True
演算法 - 雙指標(Two Pointers) 與滑動視窗(Sliding Window),31,172,185,80,280,189,202,167,180,14,878,622,1500,True
"資料結構 - 二元搜尋樹(Binary Search Tree, BST)",31,73,86,41,142,82,95,84,97,8,451,288,739,True
IoT - 感測器(Sensors) 與資料收集,27,83,96,27,138,117,130,111,124,11,515,349,864,True
深度學習 - 表徵學習(Representation Learning),26,51,64,27,106,57,70,48,61,6,327,189,516,True
理論 - 上下文無關文法(CFG) 與 Pushdown Automata,31,280,293,52,360,193,206,194,207,10,1097,729,1826,True
演算法 - 拓樸排序(Topological Sort),26,82,95,59,169,102,115,100,113,6,518,349,867,True
程式設計 - 函數式程式設計(Functional Programming),27,36,49,58,122,49,62,47,60,8,320,198,518,True
程式語言 - Garbage Collection (GC),29,73,86,43,144,67,80,63,76,6,415,252,667,True
計算機網路 - UDP 與 QUIC,29,126,139,53,207,128,141,127,140,28,656,462,1118,True
演算法 - 最短路徑(Shortest Path)：Dijkstra / Bellman-Ford,31,109,122,55,192,122,135,118,131,16,611,420,1031,True
程式設計 - 例外處理(Exception Handling),27,61,74,60,149,101,114,75,88,15,452,312,764,True
資料探勘 - 分群(Clustering) 與降維(Dimensionality Reduction),29,77,90,38,143,86,99,81,94,12,455,294,749,True
資料探勘 - 分群(Clustering) 與降維(Dimensionality Reduction),29,66,79,40,134,72,85,67,80,14,407,259,666,True
程式設計 - 測試(Test)：Unit Test / Integration Test,33,57,70,26,111,121,134,76,89,8,437,288,725,True
軟體工程 - 微服務(Microservices),25,64,77,40,132,78,91,77,90,13,415,272,687,True
電腦圖學 - 光照模型(Lighting Models),26,142,155,54,224,154,167,132,145,17,717,499,1216,True
雲端 - 快取與訊息佇列(Cache & Message Queue),31,77,90,39,144,77,90,72,85,11,440,276,716,True
資訊安全 - 密碼學基礎(Cryptography Basics),26,99,112,72,199,94,107,92,105,12,549,369,918,True
演算法 - 匹配(Matching)：Bipartite Matching / Hungarian,31,46,59,53,127,88,101,83,96,13,414,283,697,True
MLOps - 實驗追蹤(Experiment Tracking)：MLflow,27,56,69,33,117,111,124,111,124,10,461,321,782,True
資訊安全 - 緩衝區溢位(Buffer Overflow) 概念,29,54,67,25,107,70,83,63,76,9,362,221,583,True
資料探勘 - 分群(Clustering) 與降維(Dimensionality Reduction),29,125,138,39,192,160,173,135,148,6,680,465,1145,True
資料庫 - 事件串流(Event Streaming)：Kafka 基礎,29,115,128,63,206,140,153,129,142,18,658,465,1123,True
計算機架構 - 快取(Cache) 與記憶體階層(Memory Hierarchy),29,159,172,67,254,128,141,118,131,23,727,495,1222,True
資料結構 - 字串(String),24,115,128,71,214,179,192,174,187,10,745,549,1294,True
資訊安全 - 安全開發(SDL) 與威脅建模(Threat Modeling),28,94,107,33,155,76,89,74,87,14,466,291,757,True
IoT - 感測器(Sensors) 與資料收集,27,78,91,25,131,78,91,80,93,10,433,271,704,True
深度學習 - 最佳化(Optimization)：SGD / Adam,29,97,110,61,186,108,121,104,117,16,563,386,949,True
計算機架構 - 匯流排與 I/O(Bus & I/O),31,124,137,43,195,112,125,111,124,14,612,404,1016,True
資料工程 - 大數據(Big Data)：Spark 基礎,29,113,126,50,191,122,135,118,131,19,612,422,1034,True
資料庫 - 交易(Transaction) 與 ACID,29,57,70,15,100,55,68,55,68,10,335,192,527,True
分散式系統 - 容錯(Fault Tolerance),27,135,148,23,186,147,160,145,158,15,679,465,1144,True
程式設計 - 測試(Test)：Unit Test / Integration Test,33,53,66,49,130,75,88,72,85,15,402,264,666,True
資料庫 - 正規化(Normalization),25,142,155,95,265,182,195,143,156,9,796,571,1367,True
計算機網路 - OSI/TCP-IP 模型(OSI/TCP-IP Model),29,88,101,24,140,81,94,78,91,17,455,288,743,True
作業系統 - I/O 與中斷(I/O & Interrupts),31,96,109,63,187,103,116,94,107,15,550,371,921,True
"程式設計 - 物件導向(Object-Oriented Programming, OOP)",29,64,77,46,138,90,103,65,78,13,425,278,703,True
"嵌入式系統 - 即時系統(Real-Time Systems, RTOS)",29,101,114,30,159,113,126,110,123,17,551,371,922,True
軟體工程 - 可觀測性(Observability)：Logging / Metrics / Tracing,33,54,67,29,111,69,82,66,79,12,372,230,602,True
計算機架構 - 分支預測(Branch Prediction),27,88,101,59,175,133,146,134,147,12,596,426,1022,True
資料工程 - ETL/ELT,25,71,84,38,137,95,108,93,106,19,460,316,776,True
資訊安全 - 雜湊(Hash) 與 HMAC,29,69,82,34,131,77,90,68,81,8,413,256,669,True
自然語言處理 - 指令微調(Instruction Tuning),27,64,77,31,123,50,63,48,61,7,351,200,551,True
編譯器 - 最佳化(Compiler Optimizations),27,135,148,57,220,177,190,176,189,6,774,551,1325,True
分散式系統 - CAP 定理(CAP Theorem),29,82,95,58,168,91,104,88,101,16,497,335,832,True
作業系統 - 系統呼叫(System Calls),27,169,182,61,258,215,228,212,225,31,920,688,1608,True
演算法 - 最短路徑(Shortest Path)：Dijkstra / Bellman-Ford,31,88,101,55,171,128,141,125,138,12,582,408,990,True
資料結構 - 陣列(Array),25,171,184,69,268,230,243,226,239,6,959,702,1661,True
"編譯器 - 抽象語法樹(Abstract Syntax Tree, AST)",30,65,78,39,132,80,93,78,91,12,424,274,698,True
"編譯器 - 中介表示(Intermediate Representation, IR)",29,68,81,59,155,76,89,70,83,9,437,282,719,True
軟體工程 - CI/CD,25,66,79,46,140,87,100,76,89,15,433,290,723,True
雲端 - 虛擬機(VM) 與容器(Container),27,81,94,53,162,81,94,77,90,7,467,299,766,True
資料結構 - B-Tree / B+ Tree,31,139,152,62,229,137,150,140,153,16,715,494,1209,True
資料庫 - 分割與分片(Partitioning & Sharding),29,110,123,68,206,136,149,142,155,11,662,467,1129,True
電腦圖學 - 光柵化(Rasterization),24,36,49,22,86,53,66,47,60,6,285,164,449,True
演算法 - 全點對最短路徑(All-Pairs)：Floyd-Warshall,25,96,109,28,152,98,111,96,109,15,506,333,839,True
演算法 - 最小生成樹(MST)：Kruskal / Prim,29,178,191,93,299,190,203,187,200,16,922,664,1586,True
"演算法 - 動態規劃(Dynamic Programming, DP)",29,78,91,39,145,73,86,78,91,10,442,278,720,True
演算法 - 排序(Sorting)：QuickSort / MergeSort / HeapSort,33,135,148,62,225,163,176,161,174,11,756,532,1288,True
資訊安全 - 惡意程式(Malware) 基礎,27,45,58,19,92,56,69,51,64,8,310,179,489,True
作業系統 - 虛擬化(Virtualization)：Hypervisor,25,96,109,95,219,135,148,136,149,15,650,477,1127,True
人機互動 - 互動設計(Interaction Design),27,56,69,20,104,51,64,54,67,7,331,188,519,True
資料庫 - 資料倉儲(Data Warehouse) 與 OLAP,31,82,95,41,151,85,98,85,98,14,473,307,780,True
電腦視覺 - 物件偵測(Object Detection),27,59,72,28,115,74,87,64,77,13,378,238,616,True
演算法 - 回溯(Backtracking),25,50,63,29,107,58,71,56,69,8,335,201,536,True
資訊安全 - 安全開發(SDL) 與威脅建模(Threat Modeling),29,129,142,35,192,144,157,133,146,12,666,453,1119,True
計算機架構 - 匯流排與 I/O(Bus & I/O),31,305,318,70,403,303,316,301,314,21,1382,1000,2382,True
資料結構 - 雙端佇列(Deque),24,179,192,52,259,150,163,153,166,18,804,552,1356,True
分散式系統 - CAP 定理(CAP Theorem),29,112,125,23,163,89,102,91,104,10,523,325,848,True
演算法 - 圖論(Graph Algorithms)：BFS / DFS,31,98,111,45,171,134,147,132,145,20,605,429,1034,True
資料庫 - 查詢最佳化(Query Optimization),27,164,177,54,246,203,216,198,211,13,877,632,1509,True
平行與高效能運算 - GPU 計算(CUDA) 基礎,29,98,111,53,179,106,119,103,116,11,554,371,925,True
資料庫 - 事件串流(Event Streaming)：Kafka 基礎,29,70,83,55,153,151,164,119,132,17,561,412,973,True
資料工程 - 資料治理(Data Governance),27,46,59,32,106,60,73,47,60,8,325,193,518,True
資料庫 - 事件串流(Event Streaming)：Kafka 基礎,28,124,137,54,206,124,137,123,136,15,644,440,1084,True
資訊安全 - 惡意程式(Malware) 基礎,27,35,48,26,89,46,59,44,57,6,280,157,437,True
資料結構 - 集合(Set),25,80,93,44,152,110,123,106,119,11,512,351,863,True
深度學習 - CNN / RNN / Transformer,33,75,88,59,162,235,248,91,104,15,635,475,1110,True
程式設計 - 測試(Test)：Unit Test / Integration Test,33,61,74,24,113,58,71,56,69,14,360,213,573,True
軟體安全 - 靜態分析(Static Analysis),27,72,85,45,145,90,103,89,102,12,462,308,770,True
演算法 - 雙指標(Two Pointers) 與滑動視窗(Sliding Window),31,106,119,50,184,132,145,121,134,16,613,425,1038,True
資料結構 - B-Tree / B+ Tree,31,119,132,49,196,134,147,129,142,12,648,443,1091,True
演算法 - 最短路徑(Shortest Path)：Dijkstra / Bellman-Ford,31,101,114,53,182,106,119,103,116,16,562,379,941,True
機器學習 - 線性模型(Linear Models)：Linear/Logistic Regression,29,88,101,47,163,104,117,102,115,10,525,351,876,True
計算機架構 - 指令集架構(ISA)：RISC vs CISC,29,67,80,56,151,91,104,73,86,16,450,303,753,True
資料結構 - 堆疊(Stack),25,184,197,29,241,261,274,259,272,6,1009,739,1748,True
演算法 - 隨機化演算法(Randomized Algorithms),27,63,76,28,119,61,74,61,74,6,370,219,589,True
資料結構 - 佇列(Queue),24,91,104,38,157,153,166,152,165,12,616,446,1062,True
MLOps - 實驗追蹤(Experiment Tracking)：MLflow,26,79,92,31,138,89,102,92,105,14,463,305,768,True
資訊安全 - 數位簽章(Digital Signature),27,70,83,41,139,92,105,81,94,17,448,301,749,True
分散式系統 - CAP 定理(CAP Theorem),29,58,71,41,127,82,95,80,93,12,415,273,688,True
演算法 - 平行演算法(Parallel Algorithms),27,97,110,56,181,118,131,117,130,11,579,399,978,True
作業系統 - 虛擬化(Virtualization)：Hypervisor,25,216,229,44,288,150,163,148,161,15,866,573,1439,True
計算機架構 - 分支預測(Branch Prediction),27,87,100,33,148,109,122,92,105,24,502,345,847,True
分散式系統 - CAP 定理(CAP Theorem),29,59,72,56,143,99,112,95,108,22,464,331,795,True
資訊安全 - 安全開發(SDL) 與威脅建模(Threat Modeling),29,106,119,38,172,139,152,133,146,12,618,428,1046,True
雲端 - 快取與訊息佇列(Cache & Message Queue),31,63,76,38,129,69,82,65,78,8,396,243,639,True
資訊安全 - 雜湊(Hash) 與 HMAC,28,121,134,59,208,126,139,105,118,11,627,422,1049,True
強化學習 - MDP 與策略梯度(Policy Gradient),29,127,140,62,217,121,134,107,120,10,640,427,1067,True
資料庫 - 資料倉儲(Data Warehouse) 與 OLAP,31,75,88,45,148,91,104,77,90,14,461,302,763,True
理論 - 正則語言與有限自動機(Regular Languages & DFA/NFA),31,102,115,59,189,107,120,98,111,11,566,377,943,True
演算法 - 搜尋(Searching)：Binary Search,27,365,378,105,498,504,517,502,515,6,1935,1482,3417,True
資料結構 - Segment Tree,27,59,72,34,121,81,94,81,94,7,408,262,670,True
資料探勘 - 分群(Clustering) 與降維(Dimensionality Reduction),29,91,104,47,166,82,95,80,93,11,487,311,798,True
計算機網路 - TCP 擁塞控制(Congestion Control),29,189,202,78,295,205,218,204,217,38,961,714,1675,True
計算機架構 - Pipeline 與 Hazard,29,330,343,74,432,407,420,380,393,24,1617,1215,2832,True
演算法 - 隨機化演算法(Randomized Algorithms),27,56,69,31,115,79,92,64,77,7,380,237,617,True
軟體工程 - SOLID 原則(SOLID Principles),28,89,102,48,165,133,146,132,145,12,586,414,1000,True
雲端 - Kubernetes 基礎,27,63,76,36,127,67,80,66,79,20,389,252,641,True
作業系統 - 容器與命名空間(Containers & Namespaces),29,64,77,26,118,64,77,63,76,13,377,230,607,True
資訊安全 - 惡意程式(Malware) 基礎,27,49,62,33,110,54,67,43,56,6,322,185,507,True
演算法 - 隨機化演算法(Randomized Algorithms),27,97,110,31,156,115,128,116,129,6,550,365,915,True
資訊安全 - 密碼學基礎(Cryptography Basics),27,105,118,21,154,129,142,129,142,8,583,392,975,True
計算機網路 - CDN 與快取(Cache),27,80,93,36,144,188,201,171,184,16,649,491,1140,True
資料庫 - SQL：Join / Group By / Window Function,36,176,189,38,242,205,218,200,213,15,898,634,1532,True
電腦圖學 - 光照模型(Lighting Models),27,88,101,58,174,131,144,130,143,12,589,419,1008,True
資料庫 - 資料倉儲(Data Warehouse) 與 OLAP,31,51,64,29,108,70,83,71,84,7,370,228,598,True
"編譯器 - 中介表示(Intermediate Representation, IR)",29,106,119,63,197,197,210,180,193,15,748,561,1309,True
"資料結構 - 二元搜尋樹(Binary Search Tree, BST)",31,131,144,24,183,137,150,128,141,9,649,429,1078,True
計算機架構 - 多核心與一致性(Cache Coherence),27,148,161,55,231,189,202,193,206,14,827,599,1426,True
資料工程 - 特徵工程(Feature Engineering),27,64,77,22,114,74,87,74,87,7,392,241,633,True
資料結構 - B-Tree / B+ Tree,31,190,203,67,285,202,215,192,205,18,939,669,1608,True
深度學習 - 最佳化(Optimization)：SGD / Adam,29,92,105,53,173,102,115,101,114,10,536,358,894,True
作業系統 - 置換演算法(Page Replacement)：LRU / FIFO,31,87,100,61,176,111,124,114,127,17,558,390,948,True
DevOps - IaC (Infrastructure as Code)：Terraform,31,122,135,45,195,135,148,123,136,8,645,433,1078,True
計算機網路 - NAT / Firewall,29,144,157,63,235,161,174,130,143,22,738,520,1258,True
深度學習 - 表徵學習(Representation Learning),27,138,151,72,238,153,166,132,145,10,727,505,1232,True
資訊安全 - 身分驗證(Authentication) 與授權(Authorization),27,91,104,44,163,106,119,78,91,8,504,327,831,True
作業系統 - CPU 排程(CPU Scheduling),29,104,117,36,168,117,130,115,128,18,572,390,962,True
程式設計 - 記憶體管理(Memory Management),27,81,94,40,149,129,142,126,139,14,551,390,941,True
計算機架構 - SIMD / 向量化(Vectorization),29,97,110,54,179,126,139,96,109,14,566,387,953,True
平行與高效能運算 - GPU 計算(CUDA) 基礎,29,101,114,47,176,119,132,116,129,10,580,393,973,True
MLOps - 模型監控(Model Monitoring) 與漂移(Drift),29,84,97,32,144,105,118,103,116,10,504,334,838,True
作業系統 - 容器與命名空間(Containers & Namespaces),29,72,85,25,125,79,92,71,84,19,415,266,681,True
演算法 - 搜尋(Searching)：Binary Search,26,91,104,54,173,107,120,105,118,10,541,367,908,True
作業系統 - 同步(Synchronization)：Mutex / Semaphore / Monitor,32,103,116,94,225,169,182,165,178,24,733,555,1288,True
計算機架構 - 快取(Cache) 與記憶體階層(Memory Hierarchy),29,113,126,66,207,131,144,126,139,10,645,446,1091,True
分散式系統 - 共識(Consensus)：Paxos / Raft,29,111,124,77,216,107,120,95,108,21,597,411,1008,True
資料庫 - 關聯式模型(Relational Model),27,43,56,36,107,92,105,98,111,6,406,275,681,True
自然語言處理 - 語言模型(Language Models) 與 Tokenization,31,163,176,60,251,167,180,166,179,16,817,572,1389,True
資訊安全 - OAuth2 / OpenID Connect,31,116,129,73,217,149,162,158,171,28,710,524,1234,True
資料庫 - 索引(Index)：B+ Tree / Hash Index,33,103,116,54,185,103,116,104,117,18,567,382,949,True
軟體工程 - 效能分析(Profiling) 與最佳化(Optimization),27,99,112,40,167,89,102,82,95,15,503,325,828,True
資料庫 - SQL：Join / Group By / Window Function,37,126,139,47,201,288,301,287,300,16,978,764,1742,True
計算機網路 - TLS/HTTPS,24,62,75,59,149,115,128,107,120,15,496,358,854,True
計算機架構 - SIMD / 向量化(Vectorization),29,100,113,72,200,122,135,111,124,14,601,419,1020,True
軟體工程 - CI/CD,25,68,81,23,119,88,101,85,98,10,424,274,698,True
資訊檢索 - 搜尋引擎(Information Retrieval),27,77,90,43,148,88,101,81,94,9,460,298,758,True
演算法 - 最小生成樹(MST)：Kruskal / Prim,29,114,127,47,189,143,156,141,154,10,655,455,1110,True
程式設計 - 例外處理(Exception Handling),27,80,93,50,158,107,120,112,125,19,523,368,891,True
資訊安全 - Web 安全：XSS / CSRF / SQL Injection,37,108,121,51,187,138,151,136,149,12,645,445,1090,True
作業系統 - 系統呼叫(System Calls),27,39,52,44,111,81,94,57,70,8,354,229,583,True
演算法 - 拓樸排序(Topological Sort),27,227,240,75,330,258,271,258,271,6,1139,824,1963,True
資料結構 - Red-Black Tree,27,89,102,65,182,110,123,109,122,12,556,385,941,True
作業系統 - 同步(Synchronization)：Mutex / Semaphore / Monitor,33,84,97,65,177,93,106,92,105,17,518,351,869,True
理論 - 圖靈機(Turing Machine) 與可計算性(Computability),29,154,167,63,245,221,234,196,209,12,884,646,1530,True
遊戲開發 - 遊戲迴圈(Game Loop) 與物理引擎(Physics Engine),31,54,67,22,104,75,88,74,87,18,377,243,620,True
雲端 - 虛擬機(VM) 與容器(Container),27,67,80,27,122,88,101,90,103,15,433,287,720,True
計算機網路 - TLS/HTTPS,25,58,71,42,128,71,84,60,73,12,381,243,624,True
資料結構 - Heap / Priority Queue,31,122,135,50,200,133,146,135,148,9,660,449,1109,True
資料結構 - 位元集合(Bitset),25,109,122,64,201,104,117,104,117,13,582,394,976,True
軟體工程 - 版本控制(Git) 與分支策略(Branching Strategy),29,127,140,45,200,167,180,159,172,15,721,513,1234,True
作業系統 - 置換演算法(Page Replacement)：LRU / FIFO,31,107,120,33,168,72,85,71,84,11,488,294,782,True
機器學習 - 監督/非監督/強化學習(Supervised/Unsupervised/RL),25,55,68,32,115,86,99,61,74,8,381,242,623,True
資料工程 - 資料治理(Data Governance),27,60,73,45,133,76,89,74,87,6,409,261,670,True
分散式系統 - 時鐘與排序(Clock)：Lamport / Vector Clock,31,221,234,43,292,222,235,232,245,22,1037,740,1777,True
計算機架構 - 指令集架構(ISA)：RISC vs CISC,29,170,183,38,236,162,175,145,158,16,781,531,1312,True
軟體工程 - CI/CD,25,80,93,32,140,89,102,81,94,9,454,291,745,True
計算機網路 - OSI/TCP-IP 模型(OSI/TCP-IP Model),29,188,201,61,277,157,170,162,175,12,852,580,1432,True
演算法 - 最大流/最小割(Max Flow/Min Cut)：Edmonds-Karp / Dinic,32,128,141,66,222,124,137,123,136,6,668,447,1115,True
分散式系統 - 容錯(Fault Tolerance),27,116,129,39,183,117,130,113,126,14,595,399,994,True
資料工程 - 資料治理(Data Governance),27,54,67,18,100,57,70,55,68,7,332,191,523,True
作業系統 - 虛擬化(Virtualization)：Hypervisor,25,115,128,65,208,181,194,173,186,20,741,554,1295,True
演算法 - 回溯(Backtracking),25,170,183,61,259,204,217,181,194,6,878,622,1500,True
計算機網路 - TLS/HTTPS,25,55,68,87,170,82,95,64,77,16,435,304,739,True
分散式系統 - 共識(Consensus)：Paxos / Raft,29,66,79,30,124,65,78,65,78,10,388,236,624,True
雲端 - 快取與訊息佇列(Cache & Message Queue),31,44,57,53,125,77,90,57,70,14,373,245,618,True
嵌入式系統 - 通訊協定(I2C / SPI / UART),33,143,156,65,236,150,163,148,161,12,749,518,1267,True
軟體工程 - CI/CD,24,59,72,38,125,74,87,72,85,10,393,253,646,True
資料工程 - 資料治理(Data Governance),26,34,47,19,81,54,67,50,63,8,284,165,449,True
編譯器 - 詞法分析(Lexical Analysis),27,39,52,29,96,59,72,43,56,10,303,180,483,True
計算機網路 - TCP 擁塞控制(Congestion Control),28,161,174,52,241,201,214,173,186,31,843,618,1461,True
資訊安全 - 漏洞與攻擊面(Vulnerabilities & Attack Surface),31,29,42,28,85,59,72,49,62,8,292,173,465,True
資料庫 - 索引(Index)：B+ Tree / Hash Index,33,99,112,43,170,103,116,102,115,16,546,363,909,True
分散式系統 - 時鐘與排序(Clock)：Lamport / Vector Clock,31,147,160,56,231,185,198,186,199,17,819,591,1410,True
資訊安全 - 數位簽章(Digital Signature),27,34,47,31,93,87,100,65,78,8,345,225,570,True
電腦圖學 - Ray Tracing,27,50,63,40,118,88,101,59,72,9,381,246,627,True
演算法 - 貪婪(Greedy),25,72,85,31,131,89,102,74,87,10,430,276,706,True
雲端 - Serverless,24,49,62,41,118,65,78,59,72,20,354,234,588,True
作業系統 - 死結(Deadlock),25,97,110,26,151,74,87,69,82,7,455,273,728,True
遊戲開發 - 遊戲迴圈(Game Loop) 與物理引擎(Physics Engine),30,126,139,28,182,117,130,109,122,16,603,396,999,True
計算機網路 - NAT / Firewall,29,114,127,51,193,152,165,153,166,17,680,487,1167,True
資料庫 - 復原與日誌(Recovery & WAL),29,96,109,86,210,111,124,97,110,10,582,400,982,True
軟體工程 - 版本控制(Git) 與分支策略(Branching Strategy),29,98,111,66,192,112,125,115,128,22,585,413,998,True
DevOps - SRE 基礎：SLI/SLO/Error Budget,29,91,104,69,188,137,150,135,148,11,619,443,1062,True
DevOps - SRE 基礎：SLI/SLO/Error Budget,29,169,182,94,291,167,180,163,176,20,858,613,1471,True
計算機網路 - HTTP/1.1 vs HTTP/2 vs HTTP/3,33,115,128,57,200,136,149,127,140,14,650,449,1099,True
軟體工程 - CI/CD,24,50,63,40,118,60,73,56,69,13,347,219,566,True
機器學習 - 神經網路(Neural Networks),27,121,134,29,178,117,130,117,130,13,599,397,996,True
資料工程 - 資料治理(Data Governance),27,49,62,25,102,67,80,56,69,7,340,204,544,True
資料庫 - 分割與分片(Partitioning & Sharding),29,53,66,42,123,62,75,51,64,16,357,224,581,True
資料結構 - 陣列(Array),25,157,170,105,290,271,284,262,275,10,1044,805,1849,True
機器學習 - 線性模型(Linear Models)：Linear/Logistic Regression,29,76,89,35,139,94,107,94,107,6,471,305,776,True
平行與高效能運算 - GPU 計算(CUDA) 基礎,29,103,116,84,215,112,125,106,119,13,604,418,1022,True
形式化方法 - 模型檢查(Model Checking),27,65,78,29,122,82,95,71,84,11,406,258,664,True
程式語言 - Concurrency Model（Actor / CSP）,30,187,200,94,309,192,205,181,194,11,938,665,1603,True
作業系統 - 檔案系統(File System)：Inode / Journaling,31,107,120,53,188,98,111,96,109,13,559,367,926,True
分散式系統 - 共識(Consensus)：Paxos / Raft,29,116,129,81,225,106,119,108,121,16,623,427,1050,True
計算機網路 - NAT / Firewall,29,128,141,55,211,108,121,105,118,13,620,409,1029,True
演算法 - 平行演算法(Parallel Algorithms),27,101,114,51,180,152,165,146,159,13,645,463,1108,True
資料庫 - 隔離等級(Isolation Levels),27,50,63,18,96,135,148,137,150,12,484,352,836,True
演算法 - 貪婪(Greedy),25,78,91,35,141,77,90,72,85,8,432,270,702,True
資料庫 - 隔離等級(Isolation Levels),27,202,215,41,271,186,199,184,197,14,909,627,1536,True
雲端 - Serverless,25,148,161,65,241,110,123,110,123,13,673,446,1119,True
資訊安全 - 身分驗證(Authentication) 與授權(Authorization),27,71,84,41,140,96,109,75,88,13,448,296,744,True
演算法 - 貪婪(Greedy),25,47,60,24,99,79,92,77,90,8,366,235,601,True
理論 - 圖靈機(Turing Machine) 與可計算性(Computability),29,88,101,34,150,105,118,98,111,14,509,339,848,False
演算法 - 排序(Sorting)：QuickSort / MergeSort / HeapSort,33,110,123,52,190,111,124,110,123,16,593,399,992,True
分散式系統 - CAP 定理(CAP Theorem),29,91,104,89,208,109,122,100,113,19,576,408,984,True
計算機架構 - 多核心與一致性(Cache Coherence),27,156,169,36,220,184,197,185,198,18,811,579,1390,True
資料庫 - SQL：Join / Group By / Window Function,37,201,214,79,308,252,265,227,240,21,1064,780,1844,True
作業系統 - 虛擬化(Virtualization)：Hypervisor,25,133,146,50,211,130,143,128,141,10,666,451,1117,True
程式設計 - 函數式程式設計(Functional Programming),27,49,62,28,105,51,64,50,63,10,321,188,509,True
分散式系統 - Leader Election,26,116,129,55,199,153,166,147,160,9,680,480,1160,True
演算法 - 遞迴(Recursion) 與分治(Divide and Conquer),31,227,240,113,368,229,242,228,241,11,1122,808,1930,True
計算機網路 - Routing：OSPF / BGP,29,134,147,58,220,162,175,131,144,14,715,499,1214,True
資料結構 - Segment Tree,27,72,85,44,144,86,99,84,97,12,452,298,750,True
資訊安全 - 惡意程式(Malware) 基礎,27,35,48,26,89,50,63,44,57,9,284,164,448,True
計算機網路 - TCP 擁塞控制(Congestion Control),29,116,129,42,186,155,168,155,168,18,680,486,1166,True
演算法 - 最大流/最小割(Max Flow/Min Cut)：Edmonds-Karp / Dinic,33,96,109,60,184,100,113,102,115,15,554,373,927,True
人機互動 - 互動設計(Interaction Design),27,35,48,16,79,76,89,74,87,13,330,214,544,True
作業系統 - 容器與命名空間(Containers & Namespaces),29,104,117,59,191,110,123,92,105,15,565,380,945,True
形式化方法 - 模型檢查(Model Checking),27,71,84,34,133,72,85,66,79,17,408,260,668,True
DevOps - SRE 基礎：SLI/SLO/Error Budget,28,86,99,42,156,112,125,104,117,15,525,359,884,True
資料庫 - 分割與分片(Partitioning & Sharding),29,46,59,35,109,75,88,79,92,16,377,251,628,True
作業系統 - 檔案系統(File System)：Inode / Journaling,30,116,129,59,203,122,135,118,131,18,628,433,1061,True
演算法 - 拓樸排序(Topological Sort),27,178,191,54,260,194,207,168,181,23,866,617,1483,True
人機互動 - 互動設計(Interaction Design),27,51,64,29,108,80,93,80,93,8,385,248,633,True
作業系統 - CPU 排程(CPU Scheduling),29,145,158,63,236,164,177,164,177,22,777,558,1335,True
計算機網路 - HTTP/1.1 vs HTTP/2 vs HTTP/3,33,97,110,37,162,127,140,132,145,21,590,414,1004,True
雲端 - 虛擬機(VM) 與容器(Container),27,101,114,39,168,126,139,124,137,15,585,405,990,True
形式化方法 - 模型檢查(Model Checking),27,66,79,57,151,76,89,67,80,8,426,274,700,True
演算法 - 全點對最短路徑(All-Pairs)：Floyd-Warshall,25,90,103,36,154,150,163,144,157,10,602,430,1032,True
作業系統 - 記憶體管理(Virtual Memory / Paging),31,93,106,38,159,102,115,95,108,10,519,338,857,True
資料結構 - 陣列(Array),25,425,438,33,486,205,218,202,215,6,1382,871,2253,True
演算法 - 全點對最短路徑(All-Pairs)：Floyd-Warshall,25,122,135,33,183,136,149,137,150,12,642,440,1082,True
MLOps - 模型監控(Model Monitoring) 與漂移(Drift),29,65,78,28,121,64,77,63,76,11,381,231,612,True
軟體工程 - SOLID 原則(SOLID Principles),29,72,85,24,124,118,131,116,129,6,498,336,834,True
"演算法 - 動態規劃(Dynamic Programming, DP)",29,140,153,53,221,177,190,169,182,6,775,545,1320,True
MLOps - 模型部署(Model Deployment),27,44,57,16,88,74,87,72,85,11,344,217,561,True
資料結構 - Trie/Prefix Tree,27,91,104,41,160,120,133,118,131,14,555,384,939,True
演算法 - 強連通分量(SCC)：Kosaraju / Tarjan,29,104,117,35,167,124,137,122,135,14,585,399,984,True
作業系統 - 行程/執行緒(Process/Thread),25,77,90,34,139,87,100,84,97,12,451,294,745,True
計算機網路 - IP / Subnetting (CIDR),31,105,118,50,183,151,164,139,152,19,648,464,1112,True
作業系統 - 同步(Synchronization)：Mutex / Semaphore / Monitor,33,119,132,41,188,115,128,114,127,22,608,411,1019,True
演算法 - 搜尋(Searching)：Binary Search,27,87,100,42,157,123,136,96,109,9,529,357,886,True
程式設計 - 測試(Test)：Unit Test / Integration Test,33,59,72,32,119,68,81,64,77,12,382,235,617,True
資訊安全 - 密碼學基礎(Cryptography Basics),27,90,103,25,143,91,104,87,100,8,477,301,778,True
資訊安全 - 金鑰交換(Key Exchange)：Diffie-Hellman,27,117,130,49,194,174,187,178,191,8,729,526,1255,True
演算法 - 回溯(Backtracking),25,32,45,17,77,30,43,40,53,8,243,127,370,True
資訊安全 - 密碼學基礎(Cryptography Basics),27,94,107,35,157,121,134,117,130,6,555,373,928,True
"程式設計 - 物件導向(Object-Oriented Programming, OOP)",29,83,96,61,172,89,102,85,98,14,497,332,829,True
電腦視覺 - 影像分類(Image Classification),27,134,147,48,210,126,139,128,141,20,664,456,1120,True
資料結構 - 位元集合(Bitset),25,145,158,53,226,158,171,156,169,15,749,527,1276,True
作業系統 - 同步(Synchronization)：Mutex / Semaphore / Monitor,33,89,102,61,178,86,99,84,97,16,509,336,845,True
"嵌入式系統 - 即時系統(Real-Time Systems, RTOS)",29,80,93,33,141,68,81,75,88,14,432,270,702,True
"嵌入式系統 - 即時系統(Real-Time Systems, RTOS)",29,90,103,22,140,102,115,104,117,10,504,328,832,True
資料庫 - 查詢最佳化(Query Optimization),27,55,68,37,120,68,81,67,80,12,376,239,615,True
軟體安全 - 靜態分析(Static Analysis),27,60,73,25,113,73,86,68,81,15,380,241,621,True
作業系統 - 檔案系統(File System)：Inode / Journaling,31,234,247,93,355,257,270,248,261,17,1164,849,2013,True
程式設計 - 函數式程式設計(Functional Programming),27,190,203,56,274,182,195,168,181,28,880,624,1504,True
計算機網路 - ARP / DHCP / DNS,33,132,145,64,224,143,156,140,153,12,711,491,1202,True
資訊安全 - 漏洞與攻擊面(Vulnerabilities & Attack Surface),31,32,45,23,83,48,61,45,58,10,278,158,436,True
強化學習 - MDP 與策略梯度(Policy Gradient),28,178,191,43,249,161,174,156,169,12,811,550,1361,True
雲端 - Serverless,25,56,69,58,142,63,76,58,71,14,383,249,632,True
資訊安全 - 緩衝區溢位(Buffer Overflow) 概念,29,65,78,41,134,72,85,54,67,8,393,240,633,True
資訊安全 - 漏洞與攻擊面(Vulnerabilities & Attack Surface),31,48,61,23,99,60,73,61,74,8,338,200,538,True
計算機架構 - 快取(Cache) 與記憶體階層(Memory Hierarchy),29,125,138,42,195,101,114,94,107,19,583,381,964,True
機器學習 - 神經網路(Neural Networks),27,82,95,51,161,140,153,100,113,6,549,379,928,True
資料庫 - NoSQL：Key-Value / Document / Column / Graph,36,55,68,23,106,71,84,68,81,10,375,227,602,True
計算機架構 - 亂序執行(Out-of-Order Execution),27,111,124,57,196,94,107,92,105,8,559,362,921,True
演算法 - 最短路徑(Shortest Path)：Dijkstra / Bellman-Ford,31,82,95,72,182,106,119,102,115,9,542,371,913,True
理論 - 近似與隨機(Approximation & Randomization),29,95,108,37,160,92,105,90,103,12,505,326,831,True
嵌入式系統 - 通訊協定(I2C / SPI / UART),32,164,177,74,266,291,304,291,304,10,1083,830,1913,True
演算法 - 遞迴(Recursion) 與分治(Divide and Conquer),31,188,201,47,263,202,215,203,216,22,926,662,1588,True
資訊安全 - 惡意程式(Malware) 基礎,27,44,57,7,79,52,65,46,59,7,287,156,443,True
程式語言 - Concurrency Model（Actor / CSP）,31,137,150,58,223,140,153,130,143,18,700,483,1183,True
軟體安全 - 靜態分析(Static Analysis),27,36,49,55,119,59,72,57,70,15,337,222,559,True
演算法 - 強連通分量(SCC)：Kosaraju / Tarjan,29,84,97,38,150,85,98,84,97,14,471,305,776,True
演算法 - 圖論(Graph Algorithms)：BFS / DFS,31,64,77,40,132,86,99,82,95,9,434,281,715,True
電腦視覺 - 分割(Segmentation),25,55,68,32,115,45,58,50,63,10,329,192,521,True
分散式系統 - 一致性模型(Consistency Models),26,172,185,55,255,191,204,181,194,9,864,608,1472,True
深度學習 - 正規化與泛化(Regularization & Generalization),29,66,79,29,123,101,114,83,96,17,441,296,737,True
理論 - 正則語言與有限自動機(Regular Languages & DFA/NFA),31,60,73,36,124,74,87,71,84,13,399,254,653,True
資料結構 - Red-Black Tree,27,176,189,55,259,165,178,163,176,11,829,570,1399,True
計算機架構 - 指令集架構(ISA)：RISC vs CISC,29,100,113,48,176,108,121,108,121,9,560,373,933,True
作業系統 - I/O 與中斷(I/O & Interrupts),31,97,110,42,167,108,121,104,117,16,546,367,913,True
嵌入式系統 - MCU 與中斷(Interrupts),27,80,93,47,155,96,109,91,104,8,488,322,810,True
資料庫 - 複寫(Replication) 與一致性(Consistency),27,100,113,42,170,127,140,106,119,16,569,391,960,True
資料工程 - 大數據(Big Data)：Spark 基礎,29,100,113,52,180,127,140,126,139,14,601,419,1020,True
計算機架構 - 亂序執行(Out-of-Order Execution),27,94,107,39,161,96,109,95,108,13,512,337,849,True
資料工程 - 特徵工程(Feature Engineering),27,54,67,29,111,47,60,47,60,6,325,183,508,True
資料庫 - 複寫(Replication) 與一致性(Consistency),27,122,135,47,197,119,132,118,131,12,622,418,1040,True
程式語言 - Concurrency Model（Actor / CSP）,31,122,135,74,224,142,155,135,148,7,693,480,1173,True
程式語言 - Garbage Collection (GC),29,47,60,29,104,74,87,46,59,13,339,209,548,True
軟體工程 - CI/CD,25,43,56,21,92,79,92,64,77,19,342,226,568,True
雲端 - 負載平衡(Load Balancing),27,88,101,40,156,118,131,116,129,11,544,373,917,True
計算機架構 - 指令集架構(ISA)：RISC vs CISC,29,95,108,33,156,95,108,92,105,18,506,333,839,True
作業系統 - 虛擬化(Virtualization)：Hypervisor,25,108,121,44,180,147,160,123,136,8,622,430,1052,True
資料結構 - 動態陣列(Dynamic Array),27,235,248,56,319,196,209,185,198,6,1001,678,1679,True
深度學習 - 最佳化(Optimization)：SGD / Adam,29,73,86,40,141,135,148,121,134,8,538,377,915,True
DevOps - SRE 基礎：SLI/SLO/Error Budget,29,120,133,25,173,87,100,86,99,13,534,331,865,True
軟體工程 - 設計模式(Design Patterns),27,73,86,31,132,142,155,137,150,13,550,396,946,True
理論 - P/NP 與 NP-Complete,29,141,154,67,236,172,185,170,183,12,787,562,1349,True
資料結構 - Heap / Priority Queue,31,138,151,73,239,148,161,144,157,8,739,511,1250,True
理論 - P/NP 與 NP-Complete,29,116,129,54,198,151,164,155,168,18,688,494,1182,True
資訊檢索 - 搜尋引擎(Information Retrieval),27,70,83,31,129,78,91,69,82,10,412,258,670,True
計算機網路 - Routing：OSPF / BGP,29,147,160,49,224,142,155,137,150,19,718,494,1212,True
作業系統 - 檔案系統(File System)：Inode / Journaling,31,94,107,70,192,121,134,118,131,12,595,415,1010,True
計算機架構 - 亂序執行(Out-of-Order Execution),27,87,100,26,141,103,116,102,115,7,499,325,824,True
計算機網路 - HTTP/1.1 vs HTTP/2 vs HTTP/3,33,158,171,84,270,246,259,230,243,25,976,743,1719,True
電腦圖學 - 2D/3D 轉換(Transforms),27,99,112,34,161,113,126,115,128,6,554,367,921,True
資料工程 - ETL/ELT,25,90,103,39,157,93,106,96,109,16,500,334,834,True
資料庫 - 事件串流(Event Streaming)：Kafka 基礎,29,104,117,61,193,107,120,103,116,13,575,388,963,True
計算機網路 - Routing：OSPF / BGP,28,133,146,71,232,142,155,133,146,6,707,485,1192,True
演算法 - NP-Complete 與計算複雜度(Computational Complexity),28,147,160,74,249,188,201,180,193,16,831,605,1436,True
機器學習 - 線性模型(Linear Models)：Linear/Logistic Regression,29,95,108,40,163,109,122,107,120,8,542,359,901,True
深度學習 - 最佳化(Optimization)：SGD / Adam,29,70,83,62,160,72,85,73,86,12,443,289,732,True
計算機架構 - SIMD / 向量化(Vectorization),29,52,65,35,115,86,99,69,82,9,390,251,641,True
電腦圖學 - 2D/3D 轉換(Transforms),27,71,84,41,140,113,126,105,118,8,495,338,833,True
程式語言 - 型別系統(Type Systems)：Static/Dynamic,27,56,69,28,112,69,82,60,73,6,363,219,582,True
程式語言 - Concurrency Model（Actor / CSP）,31,102,115,56,186,106,119,78,91,15,542,357,899,True
資料結構 - AVL Tree,27,151,164,41,220,203,216,198,211,10,838,603,1441,True
資訊安全 - 身分驗證(Authentication) 與授權(Authorization),27,70,83,46,144,93,106,89,102,22,462,320,782,True
理論 - 近似與隨機(Approximation & Randomization),29,121,134,49,198,135,148,127,140,17,649,449,1098,True
作業系統 - 系統呼叫(System Calls),27,63,76,33,124,71,84,70,83,14,394,251,645,True
軟體工程 - 微服務(Microservices),25,93,106,38,159,130,143,108,121,14,554,383,937,True
軟體安全 - 動態分析(Dynamic Analysis),27,63,76,40,131,78,91,70,83,6,408,257,665,True
資料結構 - 圖(Graph) 表示法（Adjacency List/Matrix）,29,336,349,65,429,307,320,291,304,18,1431,1017,2448,True
計算機網路 - TLS/HTTPS,25,86,99,59,173,83,96,82,95,9,488,319,807,True
機器學習 - 線性模型(Linear Models)：Linear/Logistic Regression,29,117,130,60,205,151,164,152,165,6,693,486,1179,True
資料結構 - 集合(Set),25,100,113,51,179,87,100,86,99,14,516,338,854,True
自然語言處理 - 指令微調(Instruction Tuning),27,67,80,33,128,68,81,64,77,11,393,243,636,True
資料結構 - Bloom Filter,27,54,67,34,116,51,64,59,72,8,346,206,552,True
計算機網路 - TLS/HTTPS,25,55,68,31,114,60,73,60,73,14,353,220,573,True
演算法 - 最小生成樹(MST)：Kruskal / Prim,29,190,203,80,298,212,225,185,198,20,953,687,1640,True
資料結構 - Red-Black Tree,27,49,62,67,144,65,78,66,79,16,390,263,653,True
分散式系統 - 共識(Consensus)：Paxos / Raft,29,97,110,77,202,145,158,139,152,21,651,479,1130,True
軟體工程 - 重構(Refactoring),25,43,56,31,102,61,74,56,69,13,326,204,530,True
演算法 - 雙指標(Two Pointers) 與滑動視窗(Sliding Window),31,62,75,32,122,66,79,66,79,6,386,232,618,True
分散式系統 - Service Discovery,26,55,68,46,129,63,76,63,76,14,375,241,616,True
資料結構 - 連結串列(Linked List),27,106,119,68,202,104,117,103,116,6,581,387,968,True
計算機網路 - UDP 與 QUIC,28,199,212,67,294,200,213,183,196,9,943,658,1601,True
計算機網路 - HTTP/1.1 vs HTTP/2 vs HTTP/3,33,112,125,55,195,114,127,108,121,19,601,408,1009,True
資料庫 - 索引(Index)：B+ Tree / Hash Index,33,301,314,94,423,259,272,259,272,11,1314,924,2238,True
計算機架構 - Pipeline 與 Hazard,29,224,237,110,362,284,297,268,281,20,1206,906,2112,True
計算機網路 - TLS/HTTPS,25,181,194,59,268,145,158,139,152,23,797,547,1344,True
IoT - 感測器(Sensors) 與資料收集,27,38,51,37,103,63,76,64,77,13,334,215,549,True
理論 - 近似與隨機(Approximation & Randomization),29,184,197,71,283,207,220,209,222,17,951,688,1639,True
軟體工程 - 可觀測性(Observability)：Logging / Metrics / Tracing,33,72,85,50,150,66,79,67,80,8,427,263,690,True
理論 - 上下文無關文法(CFG) 與 Pushdown Automata,31,144,157,100,272,175,188,177,190,6,838,602,1440,True
軟體安全 - 動態分析(Dynamic Analysis),27,50,63,25,103,55,68,53,66,8,327,191,518,True
演算法 - 近似演算法(Approximation Algorithms),27,68,81,29,125,101,114,99,112,18,459,315,774,True
分散式系統 - 容錯(Fault Tolerance),27,80,93,23,131,157,170,156,169,16,590,432,1022,True
演算法 - 最短路徑(Shortest Path)：Dijkstra / Bellman-Ford,31,111,124,41,180,121,134,118,131,12,600,403,1003,True
計算機架構 - 分支預測(Branch Prediction),27,84,97,26,138,93,106,88,101,12,469,303,772,True
計算機網路 - 網路安全概念(Network Security Basics),29,75,88,19,122,86,99,82,95,10,433,272,705,True
資料庫 - NoSQL：Key-Value / Document / Column / Graph,37,61,74,32,121,88,101,87,100,9,433,277,710,True
計算機網路 - IP / Subnetting (CIDR),31,113,126,54,195,166,179,164,177,6,708,503,1211,True
推薦系統 - 協同過濾(Collaborative Filtering),27,113,126,53,194,98,111,96,109,12,567,372,939,True
演算法 - 字串比對(String Matching)：KMP / Rabin-Karp / Z-algorithm,34,131,144,63,222,120,133,122,135,15,668,451,1119,True
資料結構 - 堆疊(Stack),25,184,197,30,242,194,207,192,205,14,876,614,1490,True
計算機網路 - UDP 與 QUIC,29,143,156,56,227,141,154,139,152,14,718,493,1211,True
作業系統 - 死結(Deadlock),25,71,84,12,111,74,87,71,84,8,391,236,627,True
雲端 - Serverless,25,71,84,62,161,115,128,92,105,11,503,351,854,True
資料結構 - 連結串列(Linked List),27,131,144,101,260,160,173,151,164,19,768,562,1330,True
資料工程 - 資料治理(Data Governance),26,61,74,25,114,58,71,54,67,10,352,208,560,True
資料工程 - 特徵工程(Feature Engineering),27,111,124,32,171,127,140,121,134,8,596,399,995,True
資訊安全 - Web 安全：XSS / CSRF / SQL Injection,37,214,227,89,331,251,264,250,263,18,1122,822,1944,True
人機互動 - 互動設計(Interaction Design),27,34,47,28,90,40,53,31,44,7,261,140,401,True
深度學習 - 最佳化(Optimization)：SGD / Adam,29,110,123,48,186,119,132,108,121,6,591,391,982,True
編譯器 - 語法分析(Parsing)：LL/LR,25,108,121,60,196,121,134,107,120,21,596,417,1013,True
資料結構 - 圖(Graph) 表示法（Adjacency List/Matrix）,29,109,122,44,181,113,126,111,124,14,582,391,973,True
雲端 - 快取與訊息佇列(Cache & Message Queue),31,68,81,56,152,75,88,73,86,9,438,281,719,True
強化學習 - MDP 與策略梯度(Policy Gradient),28,90,103,42,160,103,116,106,119,8,526,349,875,True
程式設計 - 測試(Test)：Unit Test / Integration Test,33,72,85,27,127,73,86,74,87,9,418,255,673,True
演算法 - 貪婪(Greedy),25,53,66,35,116,75,88,69,82,7,377,239,616,True
資料庫 - 復原與日誌(Recovery & WAL),29,100,113,88,216,150,163,155,168,27,689,520,1209,True
作業系統 - 置換演算法(Page Replacement)：LRU / FIFO,31,359,372,73,460,552,565,541,554,12,1982,1537,3519,True
資料庫 - 併發控制(Concurrency Control)：2PL / MVCC,31,101,114,69,198,117,130,114,127,14,600,415,1015,True
分散式系統 - Leader Election,27,66,79,54,148,83,96,83,96,14,446,300,746,True
程式設計 - 函數式程式設計(Functional Programming),27,51,64,32,111,70,83,67,80,11,365,231,596,True
軟體工程 - 效能分析(Profiling) 與最佳化(Optimization),27,79,92,35,142,68,81,60,73,11,415,253,668,True
軟體工程 - 效能分析(Profiling) 與最佳化(Optimization),27,31,44,34,93,43,56,42,55,12,275,162,437,True
資料庫 - 時序資料庫(Time-Series DB),27,60,73,41,129,88,101,62,75,16,405,267,672,True
形式化方法 - 模型檢查(Model Checking),27,45,58,36,109,58,71,55,68,8,333,202,535,True
編譯器 - 語法分析(Parsing)：LL/LR,25,231,244,35,294,194,207,191,204,13,974,664,1638,True
資訊安全 - 雜湊(Hash) 與 HMAC,29,84,97,37,149,97,110,100,113,9,498,327,825,True
演算法 - 漸進複雜度(Big-O) 與分析(Analysis of Algorithms),31,139,152,68,235,197,210,206,219,11,847,621,1468,True
資料結構 - Red-Black Tree,27,50,63,40,118,54,67,53,66,12,341,209,550,True
電腦圖學 - 2D/3D 轉換(Transforms),27,141,154,44,213,230,243,221,234,12,871,648,1519,True
資料結構 - Trie/Prefix Tree,27,186,199,62,276,176,189,174,187,26,878,624,1502,True
"演算法 - 動態規劃(Dynamic Programming, DP)",29,70,83,10,108,104,117,102,115,14,452,300,752,True
分散式系統 - CAP 定理(CAP Theorem),29,75,88,33,136,91,104,82,95,12,452,293,745,True
資料庫 - 隔離等級(Isolation Levels),27,263,276,100,391,338,351,331,344,21,1389,1053,2442,True
演算法 - 近似演算法(Approximation Algorithms),27,163,176,48,239,201,214,203,216,14,872,629,1501,True
作業系統 - 記憶體管理(Virtual Memory / Paging),31,180,193,40,248,179,192,182,195,20,859,601,1460,True
資料結構 - 雙端佇列(Deque),25,139,152,56,223,160,173,139,152,13,725,507,1232,True
資料結構 - LRU Cache,27,118,131,57,203,169,182,168,181,20,724,532,1256,True
資料庫 - 分割與分片(Partitioning & Sharding),29,85,98,49,162,88,101,86,99,9,489,317,806,True
DevOps - SRE 基礎：SLI/SLO/Error Budget,29,69,82,32,129,82,95,79,92,16,427,278,705,True
分散式系統 - 容錯(Fault Tolerance),27,129,142,24,181,128,141,124,137,17,628,422,1050,True
計算機架構 - 匯流排與 I/O(Bus & I/O),31,137,150,48,213,127,140,124,137,16,671,452,1123,True
資料工程 - 資料湖(Data Lake) 與 Lakehouse,31,99,112,38,165,84,97,81,94,18,499,320,819,True
計算機網路 - 網路安全概念(Network Security Basics),29,62,75,20,110,66,79,67,80,9,373,224,597,True
形式化方法 - 模型檢查(Model Checking),27,39,52,37,104,81,94,75,88,8,365,240,605,True
資料結構 - Trie/Prefix Tree,27,72,85,46,146,81,94,84,97,14,449,297,746,True
計算機網路 - CDN 與快取(Cache),27,82,95,59,169,104,117,101,114,18,522,364,886,True
資料結構 - Segment Tree,27,97,110,55,180,121,134,117,130,12,581,402,983,True
資料庫 - 資料倉儲(Data Warehouse) 與 OLAP,30,141,154,42,211,149,162,146,159,13,716,491,1207,True
作業系統 - 容器與命名空間(Containers & Namespaces),29,120,133,53,201,138,151,121,134,8,648,440,1088,True
MLOps - 模型監控(Model Monitoring) 與漂移(Drift),29,85,98,43,156,93,106,91,104,10,493,322,815,True
理論 - P/NP 與 NP-Complete,29,147,160,54,229,165,178,178,191,18,787,562,1349,True
資料庫 - 復原與日誌(Recovery & WAL),29,120,133,74,222,126,139,129,142,16,665,465,1130,True
資料結構 - Red-Black Tree,26,44,57,32,104,43,56,43,56,9,299,171,470,True
程式語言 - Concurrency Model（Actor / CSP）,30,169,182,91,288,244,257,235,248,23,1005,762,1767,True
資料庫 - 正規化(Normalization),25,47,60,37,112,105,118,106,119,15,434,310,744,True
機器學習 - 監督/非監督/強化學習(Supervised/Unsupervised/RL),24,125,138,31,184,161,174,149,162,8,682,474,1156,True
"演算法 - 動態規劃(Dynamic Programming, DP)",29,71,84,56,155,78,91,75,88,12,447,292,739,True
程式語言 - 型別系統(Type Systems)：Static/Dynamic,27,76,89,34,138,88,101,64,77,6,432,268,700,True
演算法 - 最小生成樹(MST)：Kruskal / Prim,29,101,114,42,171,99,112,100,113,14,539,356,895,True
資料結構 - 雜湊表(Hash Table),27,386,399,33,447,193,206,190,203,6,1282,808,2090,True
資訊安全 - 雜湊(Hash) 與 HMAC,29,68,81,37,133,69,82,68,81,10,406,252,658,True
資訊安全 - 數位簽章(Digital Signature),27,59,72,32,119,74,87,74,87,6,392,245,637,True
程式設計 - 測試(Test)：Unit Test / Integration Test,33,74,87,30,132,77,90,63,76,10,418,254,672,True
資訊安全 - OAuth2 / OpenID Connect,31,79,92,56,163,97,110,95,108,22,504,349,853,True
編譯器 - 語法分析(Parsing)：LL/LR,25,128,141,92,248,167,180,169,182,10,776,566,1342,True
作業系統 - 系統呼叫(System Calls),26,76,89,31,135,81,94,79,92,8,436,275,711,True
演算法 - 全點對最短路徑(All-Pairs)：Floyd-Warshall,24,99,112,49,176,94,107,96,109,14,528,352,880,True
電腦圖學 - 光照模型(Lighting Models),27,39,52,24,91,59,72,59,72,17,314,198,512,True
資料庫 - 索引(Index)：B+ Tree / Hash Index,33,87,100,57,172,104,117,93,106,16,528,357,885,True
軟體工程 - 版本控制(Git) 與分支策略(Branching Strategy),29,90,103,64,182,107,120,107,120,18,554,386,940,True
演算法 - 最小生成樹(MST)：Kruskal / Prim,29,61,74,50,139,92,105,89,102,12,449,304,753,True
電腦視覺 - 物件偵測(Object Detection),27,90,103,47,165,86,99,84,97,10,491,317,808,True
遊戲開發 - 遊戲迴圈(Game Loop) 與物理引擎(Physics Engine),31,121,134,42,191,120,133,120,133,27,622,430,1052,True
深度學習 - 最佳化(Optimization)：SGD / Adam,29,83,96,50,161,99,112,97,110,11,508,340,848,True
理論 - 圖靈機(Turing Machine) 與可計算性(Computability),29,100,113,35,163,105,118,113,126,16,549,369,918,True
分散式系統 - 共識(Consensus)：Paxos / Raft,29,139,152,100,267,123,136,109,122,13,706,484,1190,True
程式設計 - 例外處理(Exception Handling),26,120,133,50,198,174,187,175,188,9,732,528,1260,True
計算機網路 - CDN 與快取(Cache),27,70,83,53,151,126,139,121,134,20,534,390,924,True
作業系統 - 競態條件(Race Condition),26,105,118,50,183,118,131,120,133,10,591,403,994,True
作業系統 - 記憶體管理(Virtual Memory / Paging),31,120,133,64,212,142,155,141,154,20,685,487,1172,True
資料庫 - NoSQL：Key-Value / Document / Column / Graph,37,59,72,31,118,67,80,63,76,17,383,237,620,True
資料工程 - 資料治理(Data Governance),27,80,93,25,133,88,101,67,80,9,434,269,703,True
作業系統 - 競態條件(Race Condition),27,35,48,29,92,75,88,71,84,11,339,221,560,True
IoT - 感測器(Sensors) 與資料收集,27,85,98,49,162,119,132,124,137,18,556,395,951,True
資料庫 - 事件串流(Event Streaming)：Kafka 基礎,29,93,106,90,211,114,127,111,124,15,597,423,1020,True
作業系統 - CPU 排程(CPU Scheduling),28,180,193,65,273,269,282,243,256,21,1032,778,1810,False
理論 - 資訊理論(Information Theory)：Entropy,26,112,125,62,202,129,142,133,146,8,641,444,1085,True
作業系統 - 檔案系統(File System)：Inode / Journaling,31,113,126,62,203,153,166,126,139,14,665,468,1133,True
資料結構 - 陣列(Array),25,46,59,30,104,57,70,55,68,6,326,194,520,True
分散式系統 - Service Discovery,27,109,122,39,176,127,140,104,117,17,582,396,978,True
分散式系統 - 一致性模型(Consistency Models),27,53,66,57,138,125,138,123,136,12,505,370,875,True
分散式系統 - 一致性模型(Consistency Models),27,59,72,33,120,68,81,67,80,10,380,237,617,True
演算法 - 雙指標(Two Pointers) 與滑動視窗(Sliding Window),31,85,98,43,156,61,74,60,73,6,432,255,687,True
軟體工程 - 效能分析(Profiling) 與最佳化(Optimization),27,54,67,30,112,55,68,58,71,15,345,212,557,True
程式設計 - 函數式程式設計(Functional Programming),27,57,70,39,124,52,65,44,57,7,343,199,542,True
雲端 - Serverless,25,56,69,41,125,58,71,57,70,15,360,227,587,True
計算機網路 - TLS/HTTPS,25,72,85,60,160,86,99,75,88,10,457,303,760,True
資料探勘 - 分群(Clustering) 與降維(Dimensionality Reduction),29,56,69,41,125,56,69,53,66,21,358,227,585,True
作業系統 - 系統呼叫(System Calls),27,69,82,45,142,82,95,86,99,12,445,294,739,True
資料工程 - 資料治理(Data Governance),27,55,68,53,136,75,88,70,83,9,402,262,664,True
資料庫 - 事件串流(Event Streaming)：Kafka 基礎,29,117,130,70,215,144,157,151,164,18,695,500,1195,True
機器學習 - 監督/非監督/強化學習(Supervised/Unsupervised/RL),25,60,73,22,110,70,83,67,80,10,371,229,600,True
程式設計 - 測試(Test)：Unit Test / Integration Test,33,56,69,22,106,55,68,50,63,9,339,192,531,True
電腦視覺 - 物件偵測(Object Detection),27,60,73,23,111,68,81,67,80,6,372,224,596,True
資料工程 - 資料品質(Data Quality),27,50,63,23,101,85,98,64,77,7,366,229,595,True
軟體工程 - 微服務(Microservices),25,54,67,35,117,71,84,69,82,6,375,235,610,True
資料庫 - 正規化(Normalization),25,55,68,28,111,58,71,56,69,10,344,207,551,True
"資料結構 - Fenwick Tree (Binary Indexed Tree, BIT)",35,185,198,43,256,201,214,198,211,12,914,639,1553,True
演算法 - 雙指標(Two Pointers) 與滑動視窗(Sliding Window),31,95,108,39,162,126,139,120,133,20,573,400,973,True
理論 - P/NP 與 NP-Complete,29,119,132,51,198,139,152,137,150,7,661,453,1114,True
理論 - P/NP 與 NP-Complete,29,98,111,61,187,130,143,123,136,11,606,423,1029,True
MLOps - 模型部署(Model Deployment),27,56,69,15,99,64,77,63,76,7,348,205,553,True
程式設計 - 函數式程式設計(Functional Programming),27,52,65,18,98,124,137,118,131,8,458,320,778,True
作業系統 - 檔案系統(File System)：Inode / Journaling,31,102,115,56,186,106,119,94,107,16,558,374,932,True
MLOps - 模型部署(Model Deployment),27,48,61,35,111,52,65,51,64,9,328,195,523,True
資料結構 - 雜湊表(Hash Table),27,59,72,39,126,73,86,69,82,6,393,246,639,True
"資料結構 - 二元搜尋樹(Binary Search Tree, BST)",31,199,212,59,286,246,259,232,245,8,1033,744,1777,True
MLOps - 模型部署(Model Deployment),27,59,72,24,111,65,78,64,77,9,365,221,586,True
作業系統 - 行程/執行緒(Process/Thread),25,67,80,31,126,86,99,84,97,10,427,278,705,True
機器學習 - 神經網路(Neural Networks),27,98,111,23,149,104,117,93,106,10,510,328,838,True
計算機架構 - 匯流排與 I/O(Bus & I/O),31,74,87,39,141,95,108,94,107,13,474,315,789,True
計算機網路 - TLS/HTTPS,25,60,73,55,143,60,73,59,72,8,386,242,628,True
雲端 - Kubernetes 基礎,27,60,73,29,117,60,73,58,71,13,361,220,581,True
計算機網路 - CDN 與快取(Cache),27,133,146,54,215,160,173,158,171,9,732,514,1246,True
軟體工程 - 可觀測性(Observability)：Logging / Metrics / Tracing,33,103,116,53,184,109,122,117,130,11,585,393,978,True
人機互動 - 可用性(Usability) 與使用者研究(User Study),29,29,42,21,78,36,49,35,48,9,246,130,376,True
演算法 - 字串比對(String Matching)：KMP / Rabin-Karp / Z-algorithm,35,73,86,47,148,125,138,99,112,13,519,357,876,True
演算法 - 強連通分量(SCC)：Kosaraju / Tarjan,29,154,167,65,247,154,167,152,165,14,775,539,1314,True
作業系統 - 行程/執行緒(Process/Thread),25,91,104,64,183,128,141,118,131,8,584,409,993,True
編譯器 - 語法分析(Parsing)：LL/LR,25,86,99,70,184,104,117,102,115,13,540,375,915,True
計算機架構 - 匯流排與 I/O(Bus & I/O),31,123,136,61,212,126,139,131,144,16,662,457,1119,True
機器學習 - 決策樹與集成(Tree Ensembles)：Random Forest / XGBoost,33,81,94,39,148,94,107,95,108,16,490,325,815,True
分散式系統 - 一致性模型(Consistency Models),27,55,68,30,113,86,99,82,95,10,402,263,665,True
理論 - 資訊理論(Information Theory)：Entropy,27,318,331,133,479,273,286,267,280,6,1403,997,2400,True
雲端 - 快取與訊息佇列(Cache & Message Queue),31,109,122,34,171,138,151,134,147,10,622,425,1047,True
理論 - 近似與隨機(Approximation & Randomization),29,76,89,47,151,116,129,112,125,14,523,365,888,True
計算機架構 - 匯流排與 I/O(Bus & I/O),31,81,94,49,158,136,149,103,116,23,548,392,940,True
計算機架構 - SIMD / 向量化(Vectorization),29,71,84,52,151,100,113,97,110,13,487,333,820,True
電腦視覺 - 影像分類(Image Classification),27,66,79,31,125,66,79,58,71,6,381,227,608,True
資料工程 - 資料治理(Data Governance),27,56,69,24,108,58,71,45,58,10,333,193,526,True
軟體工程 - 設計模式(Design Patterns),27,67,80,18,113,59,72,54,67,10,359,208,567,True
計算機網路 - HTTP/1.1 vs HTTP/2 vs HTTP/3,33,148,161,33,209,143,156,146,159,16,718,486,1204,True
作業系統 - 同步(Synchronization)：Mutex / Semaphore / Monitor,33,85,98,66,179,96,109,94,107,10,526,351,877,True
資訊安全 - 對稱/非對稱加密(Symmetric/Asymmetric Encryption),27,57,70,29,114,95,108,66,79,6,398,253,651,True
資料結構 - Heap / Priority Queue,31,83,96,44,155,105,118,102,115,9,515,343,858,True
演算法 - 漸進複雜度(Big-O) 與分析(Analysis of Algorithms),31,270,283,72,370,321,334,318,331,23,1349,1004,2353,True
電腦圖學 - 光照模型(Lighting Models),27,75,88,38,141,76,89,78,91,16,436,283,719,True
作業系統 - 檔案系統(File System)：Inode / Journaling,30,83,96,78,189,128,141,104,117,8,573,401,974,True
分散式系統 - 共識(Consensus)：Paxos / Raft,29,115,128,52,195,135,148,146,159,13,659,461,1120,True
軟體工程 - CI/CD,25,67,80,32,127,55,68,50,63,10,363,214,577,True
嵌入式系統 - MCU 與中斷(Interrupts),27,86,99,28,142,109,122,109,122,17,512,349,861,True
程式語言 - Garbage Collection (GC),29,80,93,46,154,88,101,81,94,11,471,306,777,True
軟體工程 - SOLID 原則(SOLID Principles),29,93,106,49,170,75,88,72,85,16,478,305,783,True
演算法 - 搜尋(Searching)：Binary Search,27,99,112,44,171,105,118,88,101,6,529,342,871,True
程式設計 - 指標與參照(Pointers & References),29,275,288,30,333,248,261,250,263,9,1174,812,1986,True
演算法 - 漸進複雜度(Big-O) 與分析(Analysis of Algorithms),31,179,192,43,250,179,192,177,190,6,855,584,1439,True
資料結構 - 連結串列(Linked List),27,92,105,48,168,101,114,99,112,14,526,354,880,True
資訊安全 - 密碼學基礎(Cryptography Basics),27,113,126,30,171,132,145,130,143,6,612,411,1023,True
資料結構 - Heap / Priority Queue,31,96,109,56,180,118,131,108,121,8,572,386,958,True
演算法 - 強連通分量(SCC)：Kosaraju / Tarjan,29,96,109,33,157,103,116,102,115,10,526,344,870,True
資料結構 - B-Tree / B+ Tree,31,123,136,111,262,162,175,161,174,15,778,572,1350,True
資料探勘 - 分群(Clustering) 與降維(Dimensionality Reduction),29,68,81,71,167,70,83,62,75,10,435,281,716,True
理論 - 資訊理論(Information Theory)：Entropy,27,160,173,67,255,190,203,196,209,6,867,619,1486,True
作業系統 - 競態條件(Race Condition),27,58,71,30,116,79,92,68,81,7,387,242,629,True
理論 - 資訊理論(Information Theory)：Entropy,27,134,147,53,215,186,199,184,197,9,785,566,1351,True
軟體工程 - 可觀測性(Observability)：Logging / Metrics / Tracing,33,63,76,68,159,77,90,73,86,12,444,293,737,True
雲端 - Serverless,25,55,68,32,115,62,75,58,71,14,354,221,575,True
分散式系統 - 共識(Consensus)：Paxos / Raft,29,103,116,60,191,136,149,132,145,16,630,447,1077,True
資料結構 - Skip List,27,80,93,29,137,99,112,85,98,14,467,307,774,True
計算機架構 - 匯流排與 I/O(Bus & I/O),30,111,124,44,183,151,164,129,142,27,643,462,1105,True
演算法 - 最小生成樹(MST)：Kruskal / Prim,29,125,138,53,206,125,138,124,137,25,648,452,1100,True
軟體工程 - 設計模式(Design Patterns),27,51,64,18,97,62,75,63,76,7,339,201,540,True
資料結構 - Trie/Prefix Tree,27,70,83,45,143,93,106,88,101,16,460,312,772,True
程式語言 - 型別系統(Type Systems)：Static/Dynamic,27,44,57,45,117,56,69,53,66,8,336,206,542,True
IoT - 感測器(Sensors) 與資料收集,27,71,84,34,133,85,98,81,94,9,436,280,716,True
資料庫 - 事件串流(Event Streaming)：Kafka 基礎,29,92,105,61,181,99,112,98,111,15,538,365,903,True
機器學習 - 決策樹與集成(Tree Ensembles)：Random Forest / XGBoost,33,109,122,50,187,142,155,140,153,17,650,458,1108,True
資料結構 - Red-Black Tree,27,172,185,50,250,166,179,164,177,6,818,558,1376,True
資訊安全 - 緩衝區溢位(Buffer Overflow) 概念,29,77,90,45,150,71,84,69,82,11,435,273,708,True
電腦視覺 - 分割(Segmentation),25,45,58,23,96,56,69,46,59,12,307,182,489,True
資料結構 - 雙端佇列(Deque),25,102,115,52,182,108,121,90,103,10,546,362,908,True
程式語言 - Concurrency Model（Actor / CSP）,31,119,132,69,216,165,178,143,156,17,713,513,1226,True
資訊檢索 - 搜尋引擎(Information Retrieval),26,82,95,26,136,63,76,62,75,12,408,245,653,True
計算機架構 - 指令集架構(ISA)：RISC vs CISC,29,191,204,72,291,163,176,161,174,14,874,601,1475,True
雲端 - Kubernetes 基礎,27,70,83,43,141,85,98,72,85,14,434,284,718,True
計算機網路 - UDP 與 QUIC,29,120,133,43,191,133,146,127,140,10,639,433,1072,True
程式語言 - Concurrency Model（Actor / CSP）,31,121,134,43,192,134,147,131,144,13,648,442,1090,True
分散式系統 - 時鐘與排序(Clock)：Lamport / Vector Clock,31,139,152,72,239,184,197,183,196,15,815,593,1408,True
計算機架構 - 快取(Cache) 與記憶體階層(Memory Hierarchy),29,65,78,32,125,80,93,73,86,9,411,259,670,True
DevOps - IaC (Infrastructure as Code)：Terraform,31,97,110,38,163,103,116,102,115,12,535,352,887,True
演算法 - 匹配(Matching)：Bipartite Matching / Hungarian,31,57,70,42,127,76,89,73,86,13,403,261,664,True
資料結構 - Segment Tree,27,116,129,35,179,116,129,115,128,13,592,395,987,True
雲端 - 虛擬機(VM) 與容器(Container),27,97,110,50,175,96,109,96,109,13,530,352,882,True
深度學習 - 正規化與泛化(Regularization & Generalization),29,70,83,44,142,87,100,71,84,13,438,285,723,True
推薦系統 - 協同過濾(Collaborative Filtering),27,57,70,28,113,50,63,48,61,6,334,189,523,True
作業系統 - 行程/執行緒(Process/Thread),25,83,96,23,134,95,108,95,108,14,471,310,781,True
資料結構 - B-Tree / B+ Tree,31,121,134,49,198,128,141,121,134,11,638,430,1068,True
DevOps - IaC (Infrastructure as Code)：Terraform,31,110,123,40,178,121,134,124,137,23,603,418,1021,True
資料結構 - B-Tree / B+ Tree,31,171,184,35,234,168,181,161,174,11,804,546,1350,True
演算法 - 隨機化演算法(Randomized Algorithms),27,56,69,42,126,86,99,83,96,8,417,275,692,True
資料結構 - 圖(Graph) 表示法（Adjacency List/Matrix）,29,155,168,75,258,149,162,147,160,6,777,532,1309,True
計算機網路 - CDN 與快取(Cache),27,93,106,34,155,95,108,100,113,10,509,332,841,True
作業系統 - 虛擬化(Virtualization)：Hypervisor,25,117,130,56,201,171,184,172,185,25,725,541,1266,True
"嵌入式系統 - 即時系統(Real-Time Systems, RTOS)",29,124,137,45,197,100,113,92,105,7,581,368,949,True
資料工程 - 資料湖(Data Lake) 與 Lakehouse,31,114,127,62,204,100,113,88,101,11,576,375,951,True
作業系統 - 行程/執行緒(Process/Thread),25,46,59,26,100,62,75,61,74,9,333,204,537,True
MLOps - 模型部署(Model Deployment),27,48,61,15,91,56,69,56,69,9,317,184,501,True
計算機網路 - WebSocket,25,73,86,47,148,103,116,100,113,14,488,337,825,True
資料結構 - 集合(Set),25,75,88,38,141,81,94,70,83,6,431,270,701,True
資料結構 - 圖(Graph) 表示法（Adjacency List/Matrix）,28,106,119,41,175,123,136,123,136,9,594,402,996,True
計算機網路 - NAT / Firewall,29,131,144,57,216,140,153,135,148,15,690,478,1168,True
資料結構 - 字串(String),25,233,246,113,374,273,286,262,275,17,1206,898,2104,True
計算機架構 - 分支預測(Branch Prediction),27,197,210,34,259,249,262,244,257,49,1015,773,1788,True
資料探勘 - 分群(Clustering) 與降維(Dimensionality Reduction),29,74,87,44,146,70,83,66,79,8,424,262,686,True
作業系統 - 容器與命名空間(Containers & Namespaces),29,63,76,32,123,52,65,51,64,17,357,215,572,True
編譯器 - 語法分析(Parsing)：LL/LR,25,113,126,50,191,138,151,131,144,20,637,452,1089,True
計算機網路 - IP / Subnetting (CIDR),31,131,144,62,221,200,213,186,199,6,808,585,1393,True
資料結構 - 雙端佇列(Deque),25,111,124,33,172,108,121,102,115,21,557,375,932,True
資料結構 - Segment Tree,27,89,102,43,160,100,113,79,92,7,494,318,812,True
計算機網路 - TLS/HTTPS,24,55,68,27,110,74,87,72,85,13,374,241,615,True
演算法 - 搜尋(Searching)：Binary Search,26,153,166,89,270,164,177,130,143,8,782,544,1326,True
計算機架構 - 虛擬記憶體(Virtual Memory) 與 TLB,30,104,117,48,180,115,128,103,116,18,571,388,959,True
"編譯器 - 中介表示(Intermediate Representation, IR)",29,97,110,49,174,115,128,119,132,11,573,391,964,True
資料庫 - 查詢最佳化(Query Optimization),27,76,89,74,178,89,102,61,74,8,470,308,778,True
資訊安全 - 安全開發(SDL) 與威脅建模(Threat Modeling),29,100,113,35,163,98,111,106,119,17,535,356,891,True
資料結構 - 位元集合(Bitset),25,134,147,56,218,199,212,189,202,8,804,586,1390,True
MLOps - 模型監控(Model Monitoring) 與漂移(Drift),29,66,79,45,139,84,97,81,94,16,438,292,730,True
資訊安全 - 對稱/非對稱加密(Symmetric/Asymmetric Encryption),27,48,61,27,103,72,85,63,76,10,352,220,572,True
分散式系統 - MapReduce 與資料處理,27,102,115,48,178,110,123,117,130,12,573,389,962,True
資料結構 - LRU Cache,27,165,178,58,251,258,271,258,271,11,998,750,1748,True
推薦系統 - 協同過濾(Collaborative Filtering),27,39,52,34,101,65,78,58,71,13,329,209,538,True
MLOps - 模型部署(Model Deployment),27,59,72,44,131,130,143,129,142,10,515,372,887,True
資料庫 - 分割與分片(Partitioning & Sharding),29,61,74,66,155,80,93,78,91,13,442,298,740,True
分散式系統 - Stream Processing（Flink / Spark Streaming）,33,53,66,40,121,68,81,66,79,11,380,238,618,True
程式設計 - 記憶體管理(Memory Management),27,111,124,51,190,95,108,93,106,10,555,360,915,True
演算法 - 貪婪(Greedy),25,64,77,33,125,69,82,65,78,8,387,239,626,True
分散式系統 - 一致性模型(Consistency Models),27,74,87,36,138,72,85,71,84,11,421,264,685,True
人機互動 - 互動設計(Interaction Design),26,50,63,19,97,65,78,56,69,8,333,198,531,True
電腦圖學 - 2D/3D 轉換(Transforms),27,139,152,46,213,155,168,152,165,6,725,498,1223,True
資訊安全 - 數位簽章(Digital Signature),27,32,45,31,91,53,66,51,64,8,293,175,468,True
計算機網路 - Ethernet 與 MAC(Ethernet/MAC),28,99,112,39,166,119,132,126,139,13,577,396,973,True
分散式系統 - 容錯(Fault Tolerance),27,66,79,36,130,80,93,68,81,12,410,262,672,True
資料工程 - 資料治理(Data Governance),26,72,85,19,119,84,97,94,107,10,434,279,713,True
嵌入式系統 - 通訊協定(I2C / SPI / UART),33,96,109,59,183,104,117,105,118,10,560,374,934,True
計算機網路 - TCP 擁塞控制(Congestion Control),29,217,230,79,324,222,235,210,223,35,1041,763,1804,True
"程式設計 - 物件導向(Object-Oriented Programming, OOP)",29,87,100,67,182,93,106,95,108,6,525,348,873,True
演算法 - 最小生成樹(MST)：Kruskal / Prim,29,125,138,48,201,133,146,132,145,10,659,448,1107,True
作業系統 - 競態條件(Race Condition),27,33,46,28,89,76,89,74,87,9,338,220,558,True
資料結構 - LRU Cache,27,106,119,67,201,131,144,129,142,10,633,443,1076,True
理論 - 正則語言與有限自動機(Regular Languages & DFA/NFA),31,81,94,41,150,119,132,117,130,8,537,366,903,True
人機互動 - 互動設計(Interaction Design),27,57,70,17,102,53,66,48,61,9,326,184,510,True
深度學習 - 表徵學習(Representation Learning),27,196,209,92,316,213,226,195,208,20,986,716,1702,True
"資料結構 - Union-Find (Disjoint Set Union, DSU)",33,94,107,57,179,148,161,124,137,18,617,441,1058,True
平行與高效能運算 - GPU 計算(CUDA) 基礎,29,123,136,56,207,173,186,166,179,10,737,528,1265,True
"資料結構 - 二元搜尋樹(Binary Search Tree, BST)",31,217,230,40,285,231,244,221,234,8,1024,717,1741,True
演算法 - 拓樸排序(Topological Sort),27,215,228,41,284,250,263,249,262,10,1064,765,1829,True
演算法 - 圖論(Graph Algorithms)：BFS / DFS,31,142,155,70,240,107,120,98,111,10,657,427,1084,True
"程式設計 - 物件導向(Object-Oriented Programming, OOP)",29,134,147,77,239,195,208,192,205,11,828,609,1437,True
資訊安全 - 身分驗證(Authentication) 與授權(Authorization),26,74,87,40,142,78,91,75,88,16,434,283,717,True
雲端 - 快取與訊息佇列(Cache & Message Queue),31,59,72,77,164,88,101,83,96,11,464,318,782,True
"程式設計 - 物件導向(Object-Oriented Programming, OOP)",29,33,46,33,94,31,44,36,49,7,262,140,402,True
分散式系統 - 時鐘與排序(Clock)：Lamport / Vector Clock,31,150,163,62,240,156,169,154,167,10,770,532,1302,True
電腦視覺 - 影像分類(Image Classification),26,93,106,29,150,116,129,113,126,8,537,359,896,True
深度學習 - 反向傳播(Backpropagation),25,62,75,53,143,99,112,90,103,6,458,310,768,True
理論 - 圖靈機(Turing Machine) 與可計算性(Computability),29,52,65,46,126,71,84,71,84,12,388,252,640,False
演算法 - 貪婪(Greedy),25,92,105,37,157,90,103,91,104,6,494,316,810,True
作業系統 - 同步(Synchronization)：Mutex / Semaphore / Monitor,33,108,121,38,174,105,118,101,114,12,560,364,924,True
演算法 - 遞迴(Recursion) 與分治(Divide and Conquer),31,78,91,49,155,97,110,89,102,12,489,325,814,True
計算機架構 - 亂序執行(Out-of-Order Execution),27,129,142,55,212,134,147,108,121,13,649,439,1088,True
IoT - MQTT / CoAP,29,86,99,54,168,106,119,105,118,22,533,373,906,True
作業系統 - I/O 與中斷(I/O & Interrupts),31,119,132,43,190,114,127,111,124,12,604,399,1003,True
程式設計 - 例外處理(Exception Handling),27,117,130,39,184,154,167,149,162,16,670,475,1145,True
程式語言 - 型別系統(Type Systems)：Static/Dynamic,27,178,191,71,277,155,168,145,158,6,821,555,1376,True
分散式系統 - CAP 定理(CAP Theorem),29,89,102,56,173,89,102,86,99,13,505,333,838,True
資訊安全 - 身分驗證(Authentication) 與授權(Authorization),27,207,220,87,322,210,223,212,225,19,1017,735,1752,True
程式語言 - 記憶體安全(Memory Safety),26,53,66,44,125,65,78,63,76,18,371,243,614,True
資料工程 - 資料湖(Data Lake) 與 Lakehouse,31,120,133,42,190,119,132,114,127,13,613,408,1021,True
電腦圖學 - 2D/3D 轉換(Transforms),27,139,152,52,219,202,215,198,211,7,824,598,1422,True
理論 - 正則語言與有限自動機(Regular Languages & DFA/NFA),31,91,104,65,184,108,121,101,114,6,554,371,925,True
分散式系統 - Service Discovery,27,93,106,72,193,142,155,137,150,13,631,457,1088,True
人機互動 - 可用性(Usability) 與使用者研究(User Study),29,51,64,10,89,53,66,51,64,6,312,171,483,True
資料結構 - LRU Cache,27,115,128,45,188,146,159,147,160,20,662,473,1135,True
嵌入式系統 - 通訊協定(I2C / SPI / UART),33,111,124,48,187,130,143,124,137,12,624,425,1049,True
電腦視覺 - 分割(Segmentation),25,53,66,35,116,46,59,41,54,12,320,187,507,True
"資料結構 - Fenwick Tree (Binary Indexed Tree, BIT)",35,166,179,67,261,218,231,205,218,18,924,674,1598,True
計算機網路 - Routing：OSPF / BGP,29,113,126,51,192,139,152,138,151,17,650,458,1108,True
資料庫 - 併發控制(Concurrency Control)：2PL / MVCC,31,98,111,54,180,97,110,85,98,16,530,350,880,True
軟體工程 - 微服務(Microservices),25,89,102,34,151,81,94,80,93,11,465,295,760,True
資料工程 - 特徵工程(Feature Engineering),27,70,83,46,144,86,99,86,99,6,452,294,746,True
MLOps - 模型部署(Model Deployment),27,69,82,23,120,59,72,57,70,6,371,214,585,True
資訊安全 - 數位簽章(Digital Signature),27,71,84,35,134,88,101,84,97,12,443,290,733,True
遊戲開發 - 遊戲迴圈(Game Loop) 與物理引擎(Physics Engine),31,83,96,30,141,80,93,77,90,8,451,278,729,True
計算機網路 - TCP 擁塞控制(Congestion Control),29,185,198,22,235,202,215,203,216,15,893,627,1520,True
程式設計 - 例外處理(Exception Handling),27,78,91,66,172,200,213,189,202,14,705,547,1252,True
程式設計 - 函數式程式設計(Functional Programming),27,46,59,28,102,54,67,56,69,6,324,190,514,True
資訊安全 - 漏洞與攻擊面(Vulnerabilities & Attack Surface),31,45,58,35,108,72,85,68,81,6,363,226,589,True
電腦圖學 - 光照模型(Lighting Models),27,61,74,40,129,143,156,141,154,10,540,395,935,True
電腦圖學 - 光照模型(Lighting Models),27,54,67,26,108,88,101,68,81,10,384,246,630,True
資料庫 - 併發控制(Concurrency Control)：2PL / MVCC,31,83,96,65,176,123,136,121,134,14,573,406,979,True
資料庫 - 索引(Index)：B+ Tree / Hash Index,33,127,140,69,224,119,132,116,129,21,658,452,1110,True
嵌入式系統 - MCU 與中斷(Interrupts),27,43,56,30,101,49,62,54,67,8,313,184,497,True
作業系統 - 行程/執行緒(Process/Thread),25,40,53,37,105,46,59,44,57,14,299,181,480,True
資料結構 - 位元集合(Bitset),25,122,135,66,216,146,159,135,148,14,683,483,1166,True
資料庫 - SQL：Join / Group By / Window Function,37,242,255,75,345,273,286,251,264,25,1187,866,2053,True
演算法 - 遞迴(Recursion) 與分治(Divide and Conquer),31,139,152,25,192,146,159,146,159,6,693,462,1155,True
資料結構 - 位元集合(Bitset),25,117,130,54,199,127,140,134,147,15,641,447,1088,True
"編譯器 - 抽象語法樹(Abstract Syntax Tree, AST)",31,102,115,36,166,118,131,94,107,12,550,362,912,True
分散式系統 - Stream Processing（Flink / Spark Streaming）,33,87,100,79,194,104,117,104,117,11,561,385,946,True
作業系統 - CPU 排程(CPU Scheduling),29,143,156,33,204,156,169,154,167,12,725,498,1223,True
資料結構 - Trie/Prefix Tree,27,96,109,69,193,110,123,108,121,19,573,402,975,True
計算機網路 - ARP / DHCP / DNS,33,130,143,102,260,199,212,196,209,18,857,645,1502,True
作業系統 - 系統呼叫(System Calls),27,79,92,45,152,99,112,95,108,14,491,332,823,True
演算法 - 貪婪(Greedy),25,78,91,55,161,130,143,130,143,14,563,407,970,True
分散式系統 - 容錯(Fault Tolerance),27,92,105,47,167,137,150,134,147,22,596,432,1028,True
資訊安全 - 身分驗證(Authentication) 與授權(Authorization),27,79,92,79,186,109,122,84,97,27,524,378,902,True
資訊安全 - 安全開發(SDL) 與威脅建模(Threat Modeling),29,58,71,33,119,73,86,75,88,14,393,253,646,True
演算法 - 最小生成樹(MST)：Kruskal / Prim,29,182,195,110,320,230,243,228,241,23,1028,773,1801,True
資訊安全 - 數位簽章(Digital Signature),27,121,134,45,194,137,150,131,144,8,649,442,1091,True
作業系統 - CPU 排程(CPU Scheduling),29,101,114,44,173,112,125,108,121,16,562,381,943,True
計算機網路 - TCP：三向交握(3-way handshake) 與流量控制,28,52,65,43,123,73,86,69,82,10,384,247,631,True
分散式系統 - 容錯(Fault Tolerance),27,171,184,89,288,213,226,220,233,20,958,713,1671,True
機器學習 - 監督/非監督/強化學習(Supervised/Unsupervised/RL),25,83,96,34,145,93,106,73,86,6,458,289,747,True
計算機架構 - 亂序執行(Out-of-Order Execution),27,63,76,56,147,72,85,71,84,13,419,275,694,True
平行與高效能運算 - 多執行緒(Threads) 與 OpenMP,29,103,116,57,188,165,178,151,164,14,675,490,1165,True
計算機網路 - TLS/HTTPS,24,63,76,47,138,68,81,63,76,9,395,250,645,True
資料工程 - 資料湖(Data Lake) 與 Lakehouse,31,145,158,41,214,106,119,103,116,14,638,409,1047,True
分散式系統 - CAP 定理(CAP Theorem),29,80,93,53,161,81,94,79,92,20,469,313,782,True
資料庫 - 事件串流(Event Streaming)：Kafka 基礎,28,109,122,45,182,124,137,122,135,19,604,419,1023,True
資料結構 - 集合(Set),25,53,66,50,131,69,82,66,79,8,383,246,629,True
分散式系統 - 一致性模型(Consistency Models),27,59,72,24,111,82,95,77,90,6,395,248,643,True
計算機網路 - HTTP/1.1 vs HTTP/2 vs HTTP/3,32,68,81,48,144,107,120,97,110,15,487,335,822,True
程式語言 - 型別系統(Type Systems)：Static/Dynamic,27,65,78,31,124,53,66,51,64,8,359,208,567,True
演算法 - 匹配(Matching)：Bipartite Matching / Hungarian,31,111,124,82,221,130,143,101,114,12,633,436,1069,True
程式設計 - 函數式程式設計(Functional Programming),27,59,72,46,133,79,92,75,88,11,412,270,682,True
嵌入式系統 - MCU 與中斷(Interrupts),27,98,111,59,185,129,142,125,138,16,603,427,1030,True
深度學習 - 表徵學習(Representation Learning),26,120,133,37,185,104,117,97,110,6,571,364,935,True
理論 - 圖靈機(Turing Machine) 與可計算性(Computability),29,124,137,33,185,123,136,116,129,12,616,408,1024,True
軟體工程 - 設計模式(Design Patterns),27,56,69,20,104,67,80,62,75,8,355,213,568,True
資料庫 - 併發控制(Concurrency Control)：2PL / MVCC,31,80,93,56,164,108,121,90,103,20,512,354,866,True
深度學習 - CNN / RNN / Transformer,33,128,141,66,222,140,153,147,160,19,709,500,1209,True
演算法 - 貪婪(Greedy),25,100,113,36,164,111,124,111,124,14,550,372,922,True
資料結構 - 集合(Set),25,109,122,56,193,137,150,131,144,8,634,441,1075,True
電腦圖學 - 2D/3D 轉換(Transforms),27,104,117,53,185,147,160,140,153,6,642,450,1092,True
演算法 - 強連通分量(SCC)：Kosaraju / Tarjan,29,136,149,64,228,157,170,161,174,12,750,530,1280,True
電腦圖學 - 2D/3D 轉換(Transforms),27,88,101,32,148,89,102,80,93,6,471,295,766,True
計算機網路 - OSI/TCP-IP 模型(OSI/TCP-IP Model),29,90,103,51,169,112,125,86,99,6,525,345,870,True
資料結構 - 雜湊表(Hash Table),27,56,69,41,125,59,72,59,72,8,365,223,588,True
演算法 - 排序(Sorting)：QuickSort / MergeSort / HeapSort,33,132,145,47,207,166,179,140,153,10,717,495,1212,True
計算機網路 - CDN 與快取(Cache),27,82,95,36,146,90,103,88,101,8,472,304,776,True
資料工程 - 資料治理(Data Governance),27,56,69,24,108,68,81,65,78,8,363,221,584,True
計算機網路 - CDN 與快取(Cache),27,100,113,45,173,125,138,103,116,15,567,388,955,True
資料結構 - 字串(String),25,78,91,36,142,77,90,74,87,12,435,277,712,True
平行與高效能運算 - 多執行緒(Threads) 與 OpenMP,29,54,67,47,129,103,116,101,114,10,455,315,770,True
計算機網路 - NAT / Firewall,29,91,104,35,154,111,124,109,122,9,533,355,888,True
"資料結構 - Union-Find (Disjoint Set Union, DSU)",33,120,133,51,199,134,147,130,143,16,655,451,1106,True
資料庫 - 時序資料庫(Time-Series DB),27,77,90,57,162,127,140,92,105,9,524,362,886,True
電腦圖學 - 光照模型(Lighting Models),26,160,173,34,222,232,245,236,249,10,915,672,1587,True
電腦圖學 - Ray Tracing,26,69,82,57,154,88,101,89,102,9,465,312,777,True
作業系統 - 系統呼叫(System Calls),27,78,91,30,136,93,106,90,103,11,463,302,765,True
計算機架構 - 匯流排與 I/O(Bus & I/O),31,105,118,38,171,120,133,116,129,19,582,398,980,True
計算機網路 - IP / Subnetting (CIDR),31,202,215,65,295,224,237,198,211,12,989,701,1690,True
演算法 - NP-Complete 與計算複雜度(Computational Complexity),28,245,258,57,330,230,243,215,228,21,1087,768,1855,True
電腦圖學 - Ray Tracing,27,52,65,65,145,67,80,60,73,8,390,252,642,True
演算法 - 近似演算法(Approximation Algorithms),27,131,144,57,216,185,198,178,191,24,776,575,1351,True
資料工程 - 資料湖(Data Lake) 與 Lakehouse,31,84,97,59,171,104,117,106,119,17,535,370,905,True
資訊安全 - OAuth2 / OpenID Connect,31,241,254,94,363,229,242,226,239,22,1129,812,1941,True
計算機網路 - ARP / DHCP / DNS,33,115,128,84,227,144,157,133,146,19,691,495,1186,True
資料庫 - 時序資料庫(Time-Series DB),27,56,69,68,152,82,95,79,92,12,435,297,732,True
資料庫 - 正規化(Normalization),25,103,116,41,172,131,144,132,145,6,602,413,1015,True
資料庫 - 隔離等級(Isolation Levels),27,113,126,120,261,148,161,145,158,11,733,537,1270,True
計算機網路 - ARP / DHCP / DNS,33,148,161,59,235,156,169,147,160,16,758,526,1284,True
分散式系統 - 時鐘與排序(Clock)：Lamport / Vector Clock,31,150,163,65,243,168,181,169,182,14,800,566,1366,True
演算法 - 近似演算法(Approximation Algorithms),27,182,195,54,264,148,161,146,159,18,806,548,1354,True
資訊安全 - 密碼學基礎(Cryptography Basics),27,48,61,38,114,60,73,44,57,6,332,196,528,True
電腦視覺 - 影像分類(Image Classification),27,50,63,26,104,80,93,70,83,6,370,232,602,True
資料庫 - 複寫(Replication) 與一致性(Consistency),27,65,78,55,148,93,106,83,96,6,455,302,757,True
計算機網路 - Routing：OSPF / BGP,28,226,239,97,351,251,264,222,235,20,1117,816,1933,True
資料結構 - 連結串列(Linked List),27,65,78,36,129,74,87,74,87,10,408,259,667,True
分散式系統 - 時鐘與排序(Clock)：Lamport / Vector Clock,31,133,146,74,235,203,216,172,185,18,813,600,1413,True
演算法 - 最小生成樹(MST)：Kruskal / Prim,29,154,167,55,237,152,165,150,163,14,761,525,1286,True
雲端 - 快取與訊息佇列(Cache & Message Queue),31,58,71,44,130,73,86,70,83,12,401,257,658,True
作業系統 - 同步(Synchronization)：Mutex / Semaphore / Monitor,33,73,86,58,159,112,125,84,97,11,500,338,838,True
資料庫 - 查詢最佳化(Query Optimization),27,74,87,27,129,84,97,68,81,6,421,259,680,True
資訊安全 - 密碼學基礎(Cryptography Basics),27,79,92,20,127,88,101,83,96,6,443,276,719,True
電腦圖學 - 2D/3D 轉換(Transforms),27,127,140,77,232,166,179,157,170,11,748,538,1286,True
程式設計 - 記憶體管理(Memory Management),27,63,76,58,149,111,124,90,103,18,479,340,819,True
作業系統 - 虛擬化(Virtualization)：Hypervisor,25,148,161,80,256,171,184,166,179,13,805,578,1383,True
自然語言處理 - 語言模型(Language Models) 與 Tokenization,31,53,66,66,147,60,73,57,70,10,387,246,633,True
MLOps - 模型部署(Model Deployment),27,45,58,20,93,48,61,47,60,9,299,169,468,True
作業系統 - CPU 排程(CPU Scheduling),29,213,226,60,301,197,210,193,206,15,972,678,1650,True
編譯器 - 最佳化(Compiler Optimizations),27,146,159,25,199,131,144,131,144,10,673,443,1116,True
理論 - 圖靈機(Turing Machine) 與可計算性(Computability),29,141,154,65,234,165,178,157,170,7,765,535,1300,True
資訊安全 - 數位簽章(Digital Signature),27,56,69,38,122,108,121,79,92,8,431,289,720,True
軟體工程 - 版本控制(Git) 與分支策略(Branching Strategy),29,119,132,75,222,150,163,139,152,14,698,497,1195,True
演算法 - 貪婪(Greedy),25,59,72,23,110,64,77,62,75,12,359,220,579,True
資料結構 - Skip List,27,75,88,54,157,101,114,103,116,8,502,341,843,True
計算機架構 - 分支預測(Branch Prediction),27,429,442,77,534,406,419,408,421,12,1843,1332,3175,True
分散式系統 - 共識(Consensus)：Paxos / Raft,29,113,126,61,202,137,150,135,148,8,655,454,1109,True
編譯器 - 最佳化(Compiler Optimizations),27,133,146,41,202,180,193,177,190,15,758,546,1304,True
演算法 - 字串比對(String Matching)：KMP / Rabin-Karp / Z-algorithm,35,111,124,82,221,137,150,135,148,12,678,477,1155,True
MLOps - 模型監控(Model Monitoring) 與漂移(Drift),29,76,89,49,153,87,100,91,104,15,475,318,793,True
機器學習 - 神經網路(Neural Networks),27,163,176,71,262,191,204,231,244,13,913,669,1582,True
資訊安全 - OAuth2 / OpenID Connect,30,154,167,125,307,165,178,163,176,17,858,624,1482,True
分散式系統 - 時鐘與排序(Clock)：Lamport / Vector Clock,31,178,191,93,299,206,219,206,219,11,959,694,1653,True
演算法 - 平行演算法(Parallel Algorithms),27,86,99,28,142,133,146,129,142,16,556,392,948,True
資料結構 - Heap / Priority Queue,31,83,96,20,131,101,114,97,110,12,482,313,795,True
計算機網路 - 網路安全概念(Network Security Basics),29,41,54,23,92,40,53,35,48,6,276,145,421,True
軟體工程 - SOLID 原則(SOLID Principles),29,76,89,50,154,116,129,103,116,12,517,357,874,True
計算機架構 - 虛擬記憶體(Virtual Memory) 與 TLB,31,181,194,88,297,154,167,153,166,8,855,584,1439,True
資訊安全 - OAuth2 / OpenID Connect,30,102,115,57,187,102,115,100,113,21,560,382,942,True
計算機網路 - WebSocket,25,88,101,44,160,105,118,103,116,15,520,355,875,True
深度學習 - 反向傳播(Backpropagation),25,76,89,46,150,97,110,91,104,8,478,318,796,True
機器學習 - 神經網路(Neural Networks),26,90,103,64,182,113,126,89,102,11,539,367,906,True
資料庫 - 交易(Transaction) 與 ACID,29,68,81,31,127,78,91,70,83,11,411,258,669,True
演算法 - 雙指標(Two Pointers) 與滑動視窗(Sliding Window),31,88,101,49,165,104,117,104,117,17,531,362,893,True
演算法 - 漸進複雜度(Big-O) 與分析(Analysis of Algorithms),31,189,202,49,266,207,220,201,214,13,933,659,1592,True
雲端 - Serverless,25,55,68,51,134,63,76,59,72,12,375,240,615,True
分散式系統 - 兩階段提交(2PC) 與三階段提交(3PC),27,76,89,60,164,87,100,86,99,17,479,326,805,True
資料庫 - 資料倉儲(Data Warehouse) 與 OLAP,31,45,58,16,89,62,75,45,58,8,311,176,487,True
程式設計 - 記憶體管理(Memory Management),26,105,118,68,201,128,141,127,140,12,626,440,1066,True
程式設計 - 指標與參照(Pointers & References),29,212,225,61,301,245,258,243,256,7,1069,768,1837,True
演算法 - NP-Complete 與計算複雜度(Computational Complexity),29,199,212,66,293,230,243,229,242,12,1019,736,1755,True
資料結構 - B-Tree / B+ Tree,31,143,156,45,216,171,184,142,155,11,742,512,1254,True
資料庫 - 事件串流(Event Streaming)：Kafka 基礎,29,71,84,47,146,82,95,80,93,12,447,292,739,True
深度學習 - 表徵學習(Representation Learning),27,41,54,38,107,54,67,47,60,12,315,192,507,True
作業系統 - 檔案系統(File System)：Inode / Journaling,31,94,107,47,169,108,121,106,119,16,547,371,918,True
軟體工程 - 微服務(Microservices),25,48,61,32,108,54,67,52,65,17,326,203,529,True
資料結構 - 雜湊表(Hash Table),27,178,191,79,285,296,309,282,295,7,1107,842,1949,True
分散式系統 - Stream Processing（Flink / Spark Streaming）,33,103,116,61,192,112,125,110,123,15,589,401,990,True
資料工程 - 大數據(Big Data)：Spark 基礎,29,170,183,58,256,192,205,191,204,15,877,626,1503,True
理論 - 近似與隨機(Approximation & Randomization),29,97,110,55,180,104,117,98,111,22,547,376,923,True
作業系統 - 競態條件(Race Condition),27,33,46,46,107,61,74,52,65,8,319,200,519,True
電腦圖學 - Ray Tracing,27,40,53,58,126,50,63,50,63,12,332,210,542,True
編譯器 - 語法分析(Parsing)：LL/LR,25,78,91,54,160,77,90,76,89,7,455,292,747,True
資訊安全 - 數位簽章(Digital Signature),27,87,100,30,145,78,91,76,89,6,452,277,729,True
資料庫 - 資料倉儲(Data Warehouse) 與 OLAP,31,38,51,9,75,41,54,40,53,10,264,138,402,True
計算機架構 - 虛擬記憶體(Virtual Memory) 與 TLB,31,162,175,87,277,172,185,166,179,19,847,606,1453,True
演算法 - 貪婪(Greedy),25,50,63,30,108,65,78,63,76,8,350,216,566,True
軟體工程 - SOLID 原則(SOLID Principles),29,112,125,41,181,159,172,159,172,13,679,484,1163,True
資料庫 - 查詢最佳化(Query Optimization),27,55,68,27,110,68,81,63,76,17,362,230,592,True
MLOps - 模型監控(Model Monitoring) 與漂移(Drift),29,178,191,100,306,159,172,161,174,18,872,616,1488,True
資料工程 - ETL/ELT,25,92,105,38,158,83,96,92,105,11,489,316,805,True
作業系統 - 競態條件(Race Condition),27,132,145,50,210,172,185,173,186,10,753,537,1290,True
深度學習 - 最佳化(Optimization)：SGD / Adam,29,114,127,64,206,186,199,85,98,6,659,455,1114,True
資料庫 - NoSQL：Key-Value / Document / Column / Graph,37,65,78,18,111,65,78,65,78,10,382,223,605,True
資訊安全 - 漏洞與攻擊面(Vulnerabilities & Attack Surface),31,151,164,49,228,158,171,153,166,9,760,520,1280,True
分散式系統 - 容錯(Fault Tolerance),27,144,157,69,241,168,181,169,182,16,788,566,1354,True
嵌入式系統 - 通訊協定(I2C / SPI / UART),33,61,74,42,131,91,104,87,100,14,442,295,737,True
作業系統 - 容器與命名空間(Containers & Namespaces),29,63,76,51,142,96,109,81,94,12,450,303,753,True
程式設計 - 記憶體管理(Memory Management),27,96,109,50,174,106,119,102,115,19,544,373,917,True
深度學習 - CNN / RNN / Transformer,33,64,77,61,153,69,82,67,80,26,425,287,712,False
作業系統 - 同步(Synchronization)：Mutex / Semaphore / Monitor,33,103,116,63,194,101,114,85,98,18,555,370,925,True
軟體工程 - 微服務(Microservices),25,54,67,33,115,68,81,66,79,10,367,231,598,True
"編譯器 - 抽象語法樹(Abstract Syntax Tree, AST)",31,88,101,84,200,166,179,143,156,13,667,494,1161,True
計算機架構 - 分支預測(Branch Prediction),27,97,110,54,179,113,126,112,125,12,567,388,955,True
理論 - 近似與隨機(Approximation & Randomization),29,113,126,45,186,143,156,142,155,10,652,453,1105,True
程式語言 - 型別系統(Type Systems)：Static/Dynamic,27,98,111,59,185,124,137,120,133,12,593,413,1006,True
人機互動 - 可用性(Usability) 與使用者研究(User Study),29,67,80,28,123,82,95,66,79,9,406,252,658,True
"演算法 - 動態規劃(Dynamic Programming, DP)",29,218,231,50,296,199,212,195,208,13,976,675,1651,True
資料結構 - Segment Tree,27,92,105,58,178,85,98,84,97,10,505,329,834,True
程式設計 - 函數式程式設計(Functional Programming),27,48,61,21,97,61,74,49,62,11,321,190,511,True
計算機架構 - Pipeline 與 Hazard,29,157,170,52,237,191,204,178,191,28,831,606,1437,True
資料庫 - 分割與分片(Partitioning & Sharding),29,96,109,54,178,125,138,124,137,13,591,412,1003,True
"演算法 - 動態規劃(Dynamic Programming, DP)",29,66,79,54,148,75,88,72,85,10,429,277,706,True
人機互動 - 互動設計(Interaction Design),27,46,59,19,93,42,55,37,50,11,284,155,439,True
資訊安全 - 緩衝區溢位(Buffer Overflow) 概念,29,65,78,44,137,104,117,104,117,7,478,324,802,True
"編譯器 - 抽象語法樹(Abstract Syntax Tree, AST)",31,99,112,45,172,132,145,138,151,14,611,428,1039,True
演算法 - 拓樸排序(Topological Sort),27,89,102,44,161,113,126,110,123,11,539,367,906,True
資訊安全 - 安全開發(SDL) 與威脅建模(Threat Modeling),29,111,124,59,198,130,143,135,148,11,642,446,1088,True
雲端 - Kubernetes 基礎,27,57,70,46,131,90,103,88,101,13,432,294,726,True
MLOps - 實驗追蹤(Experiment Tracking)：MLflow,27,118,131,50,196,135,148,134,147,14,649,451,1100,True
作業系統 - 記憶體管理(Virtual Memory / Paging),31,177,190,48,253,155,168,153,166,13,808,546,1354,True
資訊安全 - Web 安全：XSS / CSRF / SQL Injection,37,115,128,59,202,110,123,110,123,16,613,410,1023,True
計算機網路 - WebSocket,25,94,107,34,156,94,107,90,103,17,498,329,827,True
雲端 - 虛擬機(VM) 與容器(Container),27,109,122,56,193,104,117,99,112,6,571,374,945,True
演算法 - 圖論(Graph Algorithms)：BFS / DFS,30,85,98,51,164,116,129,112,125,12,546,376,922,True
深度學習 - 反向傳播(Backpropagation),25,64,77,26,118,83,96,76,89,6,405,255,660,True
作業系統 - 容器與命名空間(Containers & Namespaces),29,98,111,69,195,135,148,133,146,14,629,449,1078,True
資料結構 - 集合(Set),25,47,60,33,108,81,94,73,86,9,373,243,616,True
資料庫 - 交易(Transaction) 與 ACID,29,42,55,9,79,45,58,43,56,10,277,149,426,True
作業系統 - 置換演算法(Page Replacement)：LRU / FIFO,31,310,323,75,413,131,144,111,124,6,1035,633,1668,True
深度學習 - 正規化與泛化(Regularization & Generalization),29,95,108,50,173,99,112,88,101,11,523,343,866,True
作業系統 - 記憶體管理(Virtual Memory / Paging),31,83,96,52,163,121,134,105,118,6,542,367,909,True
理論 - 圖靈機(Turing Machine) 與可計算性(Computability),29,91,104,38,157,93,106,91,104,9,500,322,822,True
資料庫 - 事件串流(Event Streaming)：Kafka 基礎,29,119,132,84,231,184,197,180,193,8,782,575,1357,True
計算機網路 - CDN 與快取(Cache),27,56,69,73,157,75,88,75,88,15,429,294,723,True
人機互動 - 可用性(Usability) 與使用者研究(User Study),28,65,78,27,120,85,98,67,80,16,404,260,664,True
程式設計 - 記憶體管理(Memory Management),27,76,89,58,162,90,103,86,99,11,480,321,801,True
程式語言 - 型別系統(Type Systems)：Static/Dynamic,27,37,50,27,92,45,58,41,54,10,281,160,441,True
推薦系統 - 協同過濾(Collaborative Filtering),27,228,241,34,290,57,70,56,69,12,697,387,1084,True
計算機架構 - 亂序執行(Out-of-Order Execution),27,35,48,41,104,52,65,51,64,13,308,192,500,True
資訊安全 - 對稱/非對稱加密(Symmetric/Asymmetric Encryption),26,60,73,33,121,63,76,57,70,7,366,220,586,True
演算法 - 回溯(Backtracking),25,70,83,37,135,85,98,83,96,8,437,283,720,True
資料庫 - 關聯式模型(Relational Model),27,48,61,36,112,70,83,66,79,8,362,228,590,True
電腦圖學 - 2D/3D 轉換(Transforms),27,102,115,82,212,169,182,170,183,7,719,530,1249,True
資料庫 - 隔離等級(Isolation Levels),27,67,80,31,126,86,99,82,95,18,427,284,711,True
形式化方法 - 模型檢查(Model Checking),27,49,62,37,114,52,65,46,59,12,327,196,523,True
DevOps - SRE 基礎：SLI/SLO/Error Budget,29,64,77,49,141,81,94,81,94,15,435,290,725,True
計算機網路 - TLS/HTTPS,25,64,77,56,148,75,88,64,77,9,415,268,683,True
資料庫 - 復原與日誌(Recovery & WAL),29,58,71,44,130,83,96,81,94,28,420,294,714,True
作業系統 - 虛擬化(Virtualization)：Hypervisor,25,105,118,63,196,171,184,137,150,20,673,496,1169,True
資料庫 - 查詢最佳化(Query Optimization),27,248,261,71,347,237,250,236,249,11,1134,803,1937,True
資料庫 - 併發控制(Concurrency Control)：2PL / MVCC,31,56,69,34,118,52,65,50,63,10,346,202,548,True
遊戲開發 - 遊戲迴圈(Game Loop) 與物理引擎(Physics Engine),31,80,93,49,157,107,120,106,119,12,520,354,874,True
編譯器 - 最佳化(Compiler Optimizations),27,61,74,41,130,125,138,121,134,6,503,354,857,True
演算法 - 近似演算法(Approximation Algorithms),27,70,83,69,167,88,101,91,104,10,482,328,810,True
作業系統 - 檔案系統(File System)：Inode / Journaling,31,101,114,62,191,113,126,101,114,25,576,402,978,True
資料結構 - Heap / Priority Queue,31,73,86,46,147,77,90,75,88,10,442,281,723,True
資料庫 - 資料倉儲(Data Warehouse) 與 OLAP,31,46,59,16,90,36,49,35,48,13,277,146,423,True
電腦視覺 - 物件偵測(Object Detection),27,110,123,46,184,120,133,111,124,19,591,406,997,True
計算機架構 - 亂序執行(Out-of-Order Execution),27,86,99,72,186,95,108,93,106,8,526,354,880,True
資料結構 - 動態陣列(Dynamic Array),27,80,93,38,146,70,83,68,81,10,430,266,696,True
資訊安全 - 身分驗證(Authentication) 與授權(Authorization),27,174,187,82,284,207,220,204,217,21,935,688,1623,True
資料結構 - 雜湊表(Hash Table),27,220,233,60,308,271,284,273,286,6,1138,830,1968,True
資料庫 - 併發控制(Concurrency Control)：2PL / MVCC,31,102,115,64,194,121,134,118,131,10,605,415,1020,True
資料工程 - 大數據(Big Data)：Spark 基礎,29,90,103,49,167,169,182,163,176,17,657,488,1145,True
資料結構 - Heap / Priority Queue,31,109,122,21,158,85,98,85,98,12,507,312,819,False
資料結構 - 位元集合(Bitset),25,125,138,62,215,149,162,148,161,18,701,502,1203,True
計算機網路 - CDN 與快取(Cache),27,124,137,53,205,151,164,150,163,11,696,489,1185,True
作業系統 - 容器與命名空間(Containers & Namespaces),29,68,81,19,115,74,87,68,81,11,393,240,633,True
資料庫 - 時序資料庫(Time-Series DB),27,85,98,42,155,119,132,117,130,8,542,371,913,True
演算法 - 近似演算法(Approximation Algorithms),27,93,106,52,173,118,131,105,118,7,555,375,930,True
計算機網路 - Ethernet 與 MAC(Ethernet/MAC),29,114,127,92,234,170,183,167,180,13,753,556,1309,True
資料結構 - 堆疊(Stack),24,221,234,62,311,212,225,208,221,6,1015,709,1724,True
計算機網路 - OSI/TCP-IP 模型(OSI/TCP-IP Model),29,318,331,79,425,286,299,284,297,15,1381,982,2363,True
嵌入式系統 - MCU 與中斷(Interrupts),27,300,313,71,399,283,296,260,273,15,1308,929,2237,True
程式語言 - Garbage Collection (GC),29,57,70,45,130,59,72,54,67,6,368,221,589,True
電腦圖學 - 2D/3D 轉換(Transforms),27,121,134,47,196,128,141,128,141,6,639,430,1069,True
演算法 - 圖論(Graph Algorithms)：BFS / DFS,31,78,91,37,143,102,115,99,112,10,492,326,818,True
計算機網路 - CDN 與快取(Cache),27,111,124,114,253,147,160,140,153,20,717,532,1249,True
分散式系統 - 時鐘與排序(Clock)：Lamport / Vector Clock,31,179,192,99,306,212,225,187,200,16,954,693,1647,True
計算機架構 - GPU 架構(GPU Architecture),29,143,156,50,221,174,187,166,179,17,772,550,1322,True
作業系統 - 系統呼叫(System Calls),27,77,90,56,161,93,106,84,97,8,481,318,799,True
資料工程 - 特徵工程(Feature Engineering),27,167,180,89,284,150,163,148,161,8,815,562,1377,True
程式設計 - 指標與參照(Pointers & References),29,183,196,59,270,223,236,221,234,8,965,694,1659,True
理論 - P/NP 與 NP-Complete,29,224,237,66,318,244,257,245,258,17,1099,796,1895,True
理論 - 圖靈機(Turing Machine) 與可計算性(Computability),29,110,123,59,197,139,152,142,155,8,656,458,1114,True
資料結構 - 動態陣列(Dynamic Array),27,68,81,29,125,83,96,86,99,12,428,278,706,True
資料工程 - 資料治理(Data Governance),27,69,82,39,136,84,97,83,96,15,438,290,728,True
電腦圖學 - 光照模型(Lighting Models),27,55,68,53,136,94,107,96,109,21,447,319,766,True
演算法 - 圖論(Graph Algorithms)：BFS / DFS,31,65,78,40,133,86,99,94,107,8,448,293,741,True
作業系統 - 檔案系統(File System)：Inode / Journaling,30,101,114,60,189,119,132,118,131,17,596,415,1011,True
計算機網路 - CDN 與快取(Cache),27,98,111,51,177,100,113,96,109,25,537,370,907,True
資料工程 - 資料湖(Data Lake) 與 Lakehouse,31,122,135,66,216,126,139,124,137,17,658,455,1113,True
作業系統 - 虛擬化(Virtualization)：Hypervisor,25,128,141,105,261,171,184,160,173,13,784,577,1361,True
資料庫 - 事件串流(Event Streaming)：Kafka 基礎,29,86,99,74,188,110,123,103,116,11,555,384,939,True
計算機網路 - ARP / DHCP / DNS,33,116,129,71,215,142,155,137,150,9,682,475,1157,True
軟體安全 - 靜態分析(Static Analysis),27,43,56,32,103,66,79,43,56,7,321,191,512,True
資料結構 - 位元集合(Bitset),25,91,104,46,165,101,114,87,100,11,508,336,844,True
資料庫 - 復原與日誌(Recovery & WAL),29,67,80,64,159,115,128,100,113,11,509,357,866,True
理論 - 上下文無關文法(CFG) 與 Pushdown Automata,31,149,162,59,236,180,193,178,191,6,813,572,1385,True
機器學習 - 神經網路(Neural Networks),27,87,100,48,163,109,122,107,120,10,532,361,893,True
資訊安全 - 緩衝區溢位(Buffer Overflow) 概念,29,75,88,42,145,89,102,86,99,10,463,302,765,True
分散式系統 - Leader Election,27,104,117,47,179,83,96,76,89,12,508,322,830,True
計算機網路 - TLS/HTTPS,25,87,100,60,175,95,108,95,108,10,516,347,863,True
資料庫 - 併發控制(Concurrency Control)：2PL / MVCC,31,117,130,68,213,141,154,131,144,12,672,469,1141,True
理論 - 圖靈機(Turing Machine) 與可計算性(Computability),29,127,140,37,192,135,148,130,143,10,652,439,1091,True
資料結構 - Segment Tree,27,58,71,47,133,99,112,85,98,12,441,301,742,True
資料結構 - 集合(Set),24,81,94,60,169,93,106,85,98,26,491,345,836,True
軟體工程 - 設計模式(Design Patterns),27,40,53,21,89,69,82,63,76,8,327,201,528,True
電腦圖學 - Ray Tracing,27,57,70,26,111,73,86,66,79,10,373,232,605,True
作業系統 - 系統呼叫(System Calls),27,168,181,69,265,175,188,172,185,14,846,598,1444,True
資料結構 - 連結串列(Linked List),27,164,177,56,248,154,167,147,160,15,779,536,1315,True
軟體工程 - CI/CD,25,69,82,20,117,76,89,78,91,15,404,258,662,True
DevOps - IaC (Infrastructure as Code)：Terraform,31,73,86,24,125,73,86,70,83,11,411,251,662,True
資料庫 - 事件串流(Event Streaming)：Kafka 基礎,29,89,102,90,207,110,123,106,119,15,580,410,990,True
計算機架構 - Pipeline 與 Hazard,29,125,138,55,208,253,266,253,266,18,907,704,1611,True
資料庫 - 查詢最佳化(Query Optimization),27,60,73,22,110,71,84,48,61,12,355,213,568,True
程式設計 - 指標與參照(Pointers & References),29,262,275,44,334,386,399,364,377,6,1414,1062,2476,True
編譯器 - 詞法分析(Lexical Analysis),27,58,71,20,106,73,86,60,73,12,363,223,586,True
資料庫 - 隔離等級(Isolation Levels),27,56,69,39,123,154,167,152,165,11,551,412,963,True
作業系統 - 死結(Deadlock),25,35,48,18,81,52,65,47,60,8,279,160,439,True
計算機網路 - 網路安全概念(Network Security Basics),29,32,45,32,92,37,50,32,45,8,261,141,402,True
計算機架構 - Pipeline 與 Hazard,29,155,168,66,249,234,247,234,247,23,940,712,1652,True
資料庫 - 關聯式模型(Relational Model),26,81,94,29,138,89,102,79,92,8,452,286,738,True
資訊安全 - 惡意程式(Malware) 基礎,27,50,63,9,87,52,65,50,63,7,305,168,473,True
作業系統 - 系統呼叫(System Calls),27,80,93,78,186,93,106,91,104,6,516,348,864,True
計算機架構 - 分支預測(Branch Prediction),27,225,238,63,316,259,272,254,267,11,1120,812,1932,True
作業系統 - 死結(Deadlock),25,44,57,18,90,60,73,52,65,9,310,183,493,True
資料結構 - 動態陣列(Dynamic Array),27,53,66,29,110,66,79,58,71,6,353,212,565,True
深度學習 - CNN / RNN / Transformer,33,80,93,43,151,105,118,101,114,10,509,339,848,True
電腦視覺 - 影像分類(Image Classification),27,43,56,36,107,46,59,43,56,7,305,175,480,True
資訊安全 - 緩衝區溢位(Buffer Overflow) 概念,29,63,76,37,128,80,93,82,95,11,421,273,694,True
資料庫 - 隔離等級(Isolation Levels),27,70,83,45,143,113,126,125,138,22,517,375,892,True
電腦圖學 - 2D/3D 轉換(Transforms),27,93,106,34,155,131,144,130,143,7,575,395,970,True
深度學習 - 表徵學習(Representation Learning),27,52,65,39,119,65,78,70,83,6,372,232,604,True
深度學習 - 正規化與泛化(Regularization & Generalization),29,34,47,29,91,36,49,39,52,15,268,153,421,True
軟體工程 - 效能分析(Profiling) 與最佳化(Optimization),27,53,66,35,116,40,53,38,51,6,313,172,485,True
資料庫 - NoSQL：Key-Value / Document / Column / Graph,37,58,71,24,110,74,87,69,82,10,387,235,622,True
雲端 - Kubernetes 基礎,27,61,74,53,142,79,92,72,85,15,420,280,700,True
作業系統 - I/O 與中斷(I/O & Interrupts),30,94,107,93,215,123,136,104,117,15,605,429,1034,True
計算機架構 - SIMD / 向量化(Vectorization),29,220,233,62,310,235,248,239,252,8,1072,764,1836,True
計算機網路 - Ethernet 與 MAC(Ethernet/MAC),28,83,96,54,165,112,125,109,122,15,536,373,909,True
資料結構 - 集合(Set),25,53,66,52,133,83,96,61,74,8,394,257,651,True
演算法 - 貪婪(Greedy),25,71,84,26,125,81,94,74,87,6,415,258,673,True
演算法 - 字串比對(String Matching)：KMP / Rabin-Karp / Z-algorithm,35,86,99,58,172,115,128,105,118,13,552,377,929,True
分散式系統 - Service Discovery,27,94,107,94,216,127,140,123,136,12,626,450,1076,True
程式設計 - 例外處理(Exception Handling),27,72,85,59,159,84,97,83,96,12,464,310,774,True
作業系統 - 系統呼叫(System Calls),27,77,90,39,144,78,91,67,80,9,432,270,702,True
資料結構 - 圖(Graph) 表示法（Adjacency List/Matrix）,29,68,81,29,125,100,113,92,105,7,453,296,749,True
計算機網路 - HTTP/1.1 vs HTTP/2 vs HTTP/3,33,154,167,51,233,150,163,152,165,12,761,519,1280,True
資料結構 - 位元集合(Bitset),25,114,127,61,203,126,139,124,137,9,631,434,1065,True
演算法 - 強連通分量(SCC)：Kosaraju / Tarjan,29,70,83,48,146,101,114,101,114,15,486,335,821,True
資料庫 - 時序資料庫(Time-Series DB),27,66,79,26,120,98,111,78,91,16,428,284,712,True
編譯器 - 語法分析(Parsing)：LL/LR,25,110,123,51,189,119,132,115,128,16,597,411,1008,True
計算機網路 - IP / Subnetting (CIDR),31,320,333,51,399,160,173,159,172,12,1108,702,1810,True
DevOps - IaC (Infrastructure as Code)：Terraform,30,92,105,47,167,112,125,115,128,14,555,380,935,True
資料結構 - Skip List,27,73,86,45,146,108,121,108,121,13,501,347,848,True
電腦圖學 - 光柵化(Rasterization),25,110,123,76,214,140,153,128,141,11,656,465,1121,True
軟體安全 - 靜態分析(Static Analysis),27,59,72,18,105,62,75,59,72,17,351,215,566,True
程式設計 - 指標與參照(Pointers & References),29,229,242,92,349,255,268,249,262,8,1150,833,1983,True
程式設計 - 測試(Test)：Unit Test / Integration Test,33,33,46,31,92,42,55,40,53,7,279,153,432,True
計算機架構 - 指令集架構(ISA)：RISC vs CISC,29,126,139,56,210,112,125,106,119,14,622,414,1036,True
分散式系統 - 兩階段提交(2PC) 與三階段提交(3PC),27,104,117,45,177,103,116,96,109,14,546,362,908,True
自然語言處理 - 語言模型(Language Models) 與 Tokenization,31,80,93,36,144,90,103,71,84,16,455,293,748,True
作業系統 - 記憶體管理(Virtual Memory / Paging),31,224,237,78,330,215,228,212,225,14,1051,743,1794,True
演算法 - 圖論(Graph Algorithms)：BFS / DFS,31,105,118,62,195,116,129,109,122,10,595,402,997,True
作業系統 - I/O 與中斷(I/O & Interrupts),31,94,107,82,204,99,112,96,109,21,563,392,955,True
MLOps - 模型部署(Model Deployment),27,82,95,22,132,65,78,63,76,10,408,242,650,True
資料庫 - 查詢最佳化(Query Optimization),27,52,65,29,109,67,80,56,69,10,350,214,564,True
雲端 - Serverless,25,59,72,38,125,68,81,71,84,15,387,251,638,True
軟體工程 - CI/CD,25,96,109,56,180,112,125,107,120,14,559,385,944,True
軟體工程 - CI/CD,25,40,53,34,102,49,62,44,57,8,299,175,474,True
分散式系統 - Stream Processing（Flink / Spark Streaming）,33,137,150,95,260,164,177,158,171,18,791,572,1363,True
資料結構 - LRU Cache,27,136,149,35,199,183,196,178,191,13,762,545,1307,True
程式語言 - Concurrency Model（Actor / CSP）,31,116,129,64,208,132,145,132,145,11,658,455,1113,True
雲端 - Kubernetes 基礎,27,68,81,27,123,58,71,57,70,11,372,221,593,True
資料結構 - Bloom Filter,27,78,91,79,185,66,79,64,77,15,459,302,761,True
遊戲開發 - 遊戲迴圈(Game Loop) 與物理引擎(Physics Engine),31,132,145,35,195,121,134,121,134,11,639,420,1059,True
自然語言處理 - 指令微調(Instruction Tuning),27,58,71,47,133,50,63,43,56,14,350,212,562,True
資料結構 - Red-Black Tree,27,60,73,45,133,70,83,70,83,8,399,253,652,True
作業系統 - 虛擬化(Virtualization)：Hypervisor,24,120,133,76,224,150,163,149,162,15,706,510,1216,True
計算機網路 - NAT / Firewall,29,187,200,88,303,229,242,208,221,8,995,720,1715,True
資料庫 - 事件串流(Event Streaming)：Kafka 基礎,29,37,50,30,95,56,69,52,65,14,308,189,497,True
演算法 - 漸進複雜度(Big-O) 與分析(Analysis of Algorithms),31,166,179,45,239,154,167,148,161,10,777,523,1300,True
電腦圖學 - Ray Tracing,26,38,51,34,100,63,76,48,61,12,314,195,509,True
資料庫 - 正規化(Normalization),25,110,123,38,176,135,148,134,147,15,619,432,1051,True
軟體工程 - 效能分析(Profiling) 與最佳化(Optimization),27,83,96,63,174,106,119,102,115,17,531,371,902,True
作業系統 - 記憶體管理(Virtual Memory / Paging),31,145,158,51,224,163,176,162,175,9,764,530,1294,True
DevOps - IaC (Infrastructure as Code)：Terraform,31,85,98,37,150,89,102,86,99,11,480,308,788,True
資料庫 - SQL：Join / Group By / Window Function,37,244,257,46,318,261,274,240,253,19,1139,810,1949,True
資料庫 - 隔離等級(Isolation Levels),27,48,61,22,98,151,164,158,171,10,521,389,910,True
資料工程 - 大數據(Big Data)：Spark 基礎,29,85,98,47,160,98,111,97,110,11,508,338,846,True
演算法 - 排序(Sorting)：QuickSort / MergeSort / HeapSort,33,94,107,53,175,94,107,96,109,8,531,345,876,True
資訊安全 - Web 安全：XSS / CSRF / SQL Injection,37,152,165,47,227,173,186,154,167,15,782,541,1323,True
演算法 - 漸進複雜度(Big-O) 與分析(Analysis of Algorithms),31,190,203,52,270,245,258,244,257,15,1019,746,1765,True
資料庫 - SQL：Join / Group By / Window Function,37,159,172,64,251,282,295,279,292,16,1047,800,1847,True
計算機網路 - Ethernet 與 MAC(Ethernet/MAC),29,265,278,63,356,253,266,254,267,12,1196,847,2043,True
自然語言處理 - 指令微調(Instruction Tuning),27,44,57,44,116,64,77,39,52,7,329,198,527,True
分散式系統 - Stream Processing（Flink / Spark Streaming）,33,66,79,36,130,93,106,81,94,14,442,290,732,True
雲端 - 虛擬機(VM) 與容器(Container),27,78,91,32,138,95,108,63,76,11,440,279,719,True
雲端 - 快取與訊息佇列(Cache & Message Queue),31,84,97,44,156,108,121,101,114,12,519,349,868,True
演算法 - 拓樸排序(Topological Sort),27,218,231,55,301,243,256,239,252,10,1067,765,1832,True
分散式系統 - 分散式鎖(Distributed Lock),27,144,157,54,226,136,149,134,147,13,706,481,1187,True
深度學習 - 最佳化(Optimization)：SGD / Adam,29,98,111,61,187,118,131,118,131,12,589,407,996,True
計算機架構 - 分支預測(Branch Prediction),27,132,145,37,197,129,142,132,145,11,656,441,1097,True
演算法 - 近似演算法(Approximation Algorithms),27,117,130,52,197,201,214,205,218,12,786,587,1373,True
計算機網路 - IP / Subnetting (CIDR),31,140,153,39,207,194,207,189,202,18,800,580,1380,True
MLOps - 模型部署(Model Deployment),27,75,88,31,134,76,89,69,82,10,420,261,681,True
資料結構 - LRU Cache,27,112,125,62,202,168,181,158,171,12,706,512,1218,True
軟體工程 - 可觀測性(Observability)：Logging / Metrics / Tracing,32,104,117,66,198,102,115,101,114,10,576,383,959,True
理論 - 資訊理論(Information Theory)：Entropy,26,77,90,37,142,88,101,89,102,8,461,299,760,True
計算機架構 - 快取(Cache) 與記憶體階層(Memory Hierarchy),29,62,75,41,131,66,79,67,80,13,394,249,643,True
資料結構 - 雜湊表(Hash Table),27,49,62,26,103,53,66,55,68,9,326,192,518,True
計算機網路 - Ethernet 與 MAC(Ethernet/MAC),29,431,444,88,547,415,428,399,412,17,1860,1350,3210,True
資料庫 - 併發控制(Concurrency Control)：2PL / MVCC,31,99,112,79,206,143,156,119,132,18,637,458,1095,True
資料庫 - 關聯式模型(Relational Model),27,40,53,33,101,64,77,56,69,8,327,201,528,True
自然語言處理 - 語言模型(Language Models) 與 Tokenization,31,74,87,40,142,98,111,89,102,10,473,311,784,True
計算機架構 - 指令集架構(ISA)：RISC vs CISC,29,94,107,35,157,102,115,96,109,16,517,343,860,True
分散式系統 - 兩階段提交(2PC) 與三階段提交(3PC),26,106,119,69,203,142,155,118,131,19,634,454,1088,True
演算法 - 搜尋(Searching)：Binary Search,27,185,198,47,260,290,303,290,303,6,1091,818,1909,True
作業系統 - 競態條件(Race Condition),27,43,56,28,99,43,56,41,54,8,292,163,455,True
資料庫 - 索引(Index)：B+ Tree / Hash Index,33,89,102,71,188,104,117,102,115,14,555,380,935,True
程式設計 - 例外處理(Exception Handling),27,61,74,38,127,71,84,72,85,10,397,252,649,True
演算法 - NP-Complete 與計算複雜度(Computational Complexity),28,130,143,49,207,158,171,158,171,10,720,505,1225,True
資訊安全 - 數位簽章(Digital Signature),27,49,62,49,126,65,78,64,77,6,370,233,603,True
理論 - P/NP 與 NP-Complete,29,110,123,54,192,103,116,105,118,20,578,392,970,True
資料庫 - 事件串流(Event Streaming)：Kafka 基礎,29,114,127,73,215,108,121,106,119,8,611,409,1020,True
資料探勘 - 分群(Clustering) 與降維(Dimensionality Reduction),29,42,55,46,116,70,83,63,76,13,359,234,593,True
資訊檢索 - 搜尋引擎(Information Retrieval),27,69,82,51,148,89,102,74,87,15,446,298,744,True
演算法 - 強連通分量(SCC)：Kosaraju / Tarjan,29,97,110,43,168,128,141,131,144,25,592,424,1016,True
深度學習 - 反向傳播(Backpropagation),25,34,47,43,105,59,72,58,71,6,320,200,520,True
資料結構 - 堆疊(Stack),25,205,218,31,264,464,477,463,476,10,1460,1173,2633,True
程式語言 - 型別系統(Type Systems)：Static/Dynamic,27,68,81,47,143,91,104,90,103,10,458,306,764,True
資料結構 - 雜湊表(Hash Table),27,213,226,64,305,206,219,200,213,8,990,691,1681,True
演算法 - 強連通分量(SCC)：Kosaraju / Tarjan,29,95,108,44,167,104,117,101,114,11,535,355,890,True
程式設計 - 測試(Test)：Unit Test / Integration Test,33,79,92,50,157,102,115,101,114,10,511,342,853,True
演算法 - 拓樸排序(Topological Sort),27,198,211,62,288,193,206,191,204,15,936,659,1595,True
形式化方法 - 模型檢查(Model Checking),27,47,60,68,143,69,82,65,78,8,390,257,647,True
資訊安全 - 對稱/非對稱加密(Symmetric/Asymmetric Encryption),27,85,98,39,152,69,82,64,77,6,436,263,699,True
計算機架構 - 虛擬記憶體(Virtual Memory) 與 TLB,31,181,194,71,280,165,178,165,178,18,861,600,1461,True
作業系統 - 死結(Deadlock),25,43,56,36,107,43,56,43,56,8,300,173,473,True
MLOps - 實驗追蹤(Experiment Tracking)：MLflow,27,187,200,86,301,349,362,177,190,15,1080,814,1894,True
資料結構 - AVL Tree,27,169,182,32,229,183,196,179,192,15,826,578,1404,True
編譯器 - 詞法分析(Lexical Analysis),27,51,64,40,119,94,107,90,103,10,420,285,705,True
分散式系統 - CAP 定理(CAP Theorem),29,44,57,44,116,58,71,54,67,18,340,218,558,True
程式設計 - 例外處理(Exception Handling),27,72,85,64,164,76,89,75,88,12,453,299,752,True
計算機架構 - 多核心與一致性(Cache Coherence),27,213,226,73,314,223,236,218,231,23,1034,750,1784,True
軟體工程 - 設計模式(Design Patterns),27,99,112,23,150,157,170,157,170,9,629,445,1074,True
演算法 - 貪婪(Greedy),25,64,77,43,135,74,87,73,86,12,410,266,676,True
理論 - 資訊理論(Information Theory)：Entropy,26,97,110,40,165,100,113,99,112,6,526,342,868,True
分散式系統 - 共識(Consensus)：Paxos / Raft,29,112,125,51,191,120,133,120,133,17,611,420,1031,True
資料結構 - 動態陣列(Dynamic Array),27,102,115,62,192,101,114,100,113,8,561,373,934,True
資料結構 - 圖(Graph) 表示法（Adjacency List/Matrix）,29,128,141,60,216,152,165,147,160,8,711,495,1206,True
演算法 - 搜尋(Searching)：Binary Search,27,181,194,70,279,295,308,300,313,12,1121,858,1979,True
雲端 - 虛擬機(VM) 與容器(Container),27,265,278,76,369,242,255,239,252,26,1181,848,2029,True
DevOps - IaC (Infrastructure as Code)：Terraform,31,45,58,43,116,67,80,56,69,13,354,224,578,True
演算法 - 全點對最短路徑(All-Pairs)：Floyd-Warshall,25,68,81,44,140,88,101,84,97,11,444,295,739,True
"資料結構 - 二元搜尋樹(Binary Search Tree, BST)",31,105,118,53,186,116,129,98,111,10,575,382,957,True
資料結構 - 動態陣列(Dynamic Array),27,72,85,55,155,80,93,76,89,6,449,289,738,True
演算法 - 強連通分量(SCC)：Kosaraju / Tarjan,29,92,105,68,188,157,170,156,169,12,661,485,1146,True
程式設計 - 函數式程式設計(Functional Programming),27,30,43,24,82,40,53,38,51,9,256,141,397,True
資料結構 - 連結串列(Linked List),27,101,114,41,170,122,135,115,128,12,574,391,965,True
演算法 - 最短路徑(Shortest Path)：Dijkstra / Bellman-Ford,31,81,94,29,138,101,114,98,111,10,488,319,807,True
演算法 - 強連通分量(SCC)：Kosaraju / Tarjan,28,117,130,85,230,112,125,112,125,12,638,438,1076,True
演算法 - 平行演算法(Parallel Algorithms),27,78,91,15,121,105,118,104,117,10,474,312,786,True
資料結構 - Segment Tree,27,76,89,33,137,103,116,101,114,13,483,326,809,True
電腦視覺 - 影像分類(Image Classification),27,76,89,47,151,93,106,86,99,11,472,313,785,True
軟體工程 - SOLID 原則(SOLID Principles),29,60,73,9,97,67,80,62,75,14,354,212,566,True
軟體工程 - 版本控制(Git) 與分支策略(Branching Strategy),29,90,103,47,165,106,119,108,121,18,537,369,906,True
IoT - 感測器(Sensors) 與資料收集,27,61,74,17,106,65,78,65,78,12,363,220,583,True
作業系統 - 行程/執行緒(Process/Thread),25,51,64,32,111,70,83,72,85,12,368,237,605,True
演算法 - 貪婪(Greedy),25,90,103,26,144,119,132,117,130,14,534,366,900,True
資訊檢索 - 搜尋引擎(Information Retrieval),27,77,90,51,156,89,102,84,97,18,472,319,791,True
分散式系統 - 兩階段提交(2PC) 與三階段提交(3PC),27,77,90,60,165,105,118,103,116,12,516,357,873,True
資訊安全 - 對稱/非對稱加密(Symmetric/Asymmetric Encryption),27,42,55,36,106,48,61,51,64,8,313,185,498,True
雲端 - Kubernetes 基礎,27,46,59,38,112,76,89,72,85,16,372,248,620,True
機器學習 - 監督/非監督/強化學習(Supervised/Unsupervised/RL),25,52,65,22,102,51,64,48,61,12,317,185,502,True
軟體工程 - SOLID 原則(SOLID Principles),29,60,73,14,102,84,97,78,91,8,392,244,636,True
"嵌入式系統 - 即時系統(Real-Time Systems, RTOS)",29,81,94,30,139,94,107,91,104,7,473,303,776,True
分散式系統 - Stream Processing（Flink / Spark Streaming）,33,58,71,26,112,58,71,60,73,9,360,211,571,True
程式設計 - 測試(Test)：Unit Test / Integration Test,33,58,71,31,117,67,80,63,76,8,377,227,604,True
資料工程 - 資料品質(Data Quality),27,57,70,47,132,108,121,112,125,8,475,332,807,True
深度學習 - CNN / RNN / Transformer,33,71,84,58,157,99,112,99,112,13,498,340,838,True
資料結構 - 位元集合(Bitset),25,124,137,63,215,130,143,121,134,13,654,451,1105,True
資訊安全 - 漏洞與攻擊面(Vulnerabilities & Attack Surface),31,103,116,41,172,97,110,91,104,20,533,352,885,True
演算法 - NP-Complete 與計算複雜度(Computational Complexity),29,164,177,53,245,183,196,193,206,11,853,604,1457,True
計算機網路 - WebSocket,25,77,90,44,149,82,95,91,104,15,463,309,772,True
深度學習 - 正規化與泛化(Regularization & Generalization),29,46,59,34,108,55,68,51,64,10,328,196,524,True
分散式系統 - 容錯(Fault Tolerance),27,91,104,39,158,100,113,94,107,17,509,341,850,True
分散式系統 - 兩階段提交(2PC) 與三階段提交(3PC),27,173,186,83,284,162,175,162,175,17,847,597,1444,True
理論 - 正則語言與有限自動機(Regular Languages & DFA/NFA),31,85,98,40,153,91,104,90,103,13,489,319,808,True
電腦圖學 - 2D/3D 轉換(Transforms),26,164,177,84,276,156,169,154,167,6,815,564,1379,True
計算機架構 - 指令集架構(ISA)：RISC vs CISC,29,100,113,55,183,109,122,105,118,9,565,378,943,True
資料庫 - 交易(Transaction) 與 ACID,29,94,107,31,153,97,110,95,108,11,507,328,835,True
計算機架構 - 分支預測(Branch Prediction),27,185,198,24,237,231,244,226,239,14,945,680,1625,True
作業系統 - 檔案系統(File System)：Inode / Journaling,31,75,88,67,170,108,121,86,99,11,509,347,856,True
深度學習 - 正規化與泛化(Regularization & Generalization),29,58,71,54,140,94,107,92,105,10,452,308,760,True
計算機架構 - 亂序執行(Out-of-Order Execution),27,65,78,36,129,96,109,96,109,6,452,299,751,True
軟體工程 - 重構(Refactoring),24,40,53,24,92,59,72,55,68,8,309,186,495,True
平行與高效能運算 - GPU 計算(CUDA) 基礎,29,163,176,79,270,209,222,204,217,12,914,667,1581,True
計算機架構 - 指令集架構(ISA)：RISC vs CISC,29,89,102,54,171,126,139,122,135,10,576,401,977,True
雲端 - Serverless,25,55,68,38,121,67,80,66,79,16,373,242,615,True
雲端 - 虛擬機(VM) 與容器(Container),27,57,70,44,129,91,104,73,86,13,416,278,694,True
作業系統 - 置換演算法(Page Replacement)：LRU / FIFO,31,512,525,37,577,603,616,600,613,9,2362,1761,4123,True
資料結構 - 連結串列(Linked List),27,36,49,24,88,39,52,41,54,6,270,146,416,True
資料結構 - 雙端佇列(Deque),25,56,69,36,120,87,100,73,86,13,400,265,665,True
計算機架構 - 虛擬記憶體(Virtual Memory) 與 TLB,30,153,166,80,261,198,211,190,203,21,871,642,1513,True
作業系統 - 置換演算法(Page Replacement)：LRU / FIFO,31,226,239,47,301,505,518,497,510,17,1599,1292,2891,True
軟體工程 - 設計模式(Design Patterns),27,45,58,31,104,69,82,65,78,7,349,217,566,True
資料結構 - AVL Tree,26,177,190,46,251,235,248,236,249,15,964,709,1673,True
程式設計 - 例外處理(Exception Handling),27,100,113,32,160,123,136,102,115,22,551,379,930,True
資訊安全 - 惡意程式(Malware) 基礎,27,54,67,13,95,57,70,54,67,9,326,187,513,True
人機互動 - 可用性(Usability) 與使用者研究(User Study),29,50,63,17,95,60,73,55,68,9,328,191,519,True
軟體工程 - 設計模式(Design Patterns),27,51,64,32,111,62,75,59,72,7,349,211,560,True
資訊安全 - 安全開發(SDL) 與威脅建模(Threat Modeling),29,97,110,53,178,141,154,140,153,12,624,443,1067,True
軟體工程 - 重構(Refactoring),25,41,54,35,104,50,63,45,58,10,304,181,485,True
軟體安全 - 靜態分析(Static Analysis),27,76,89,44,148,83,96,79,92,19,452,301,753,True
資訊安全 - 惡意程式(Malware) 基礎,27,100,113,30,158,95,108,94,107,10,513,329,842,True
編譯器 - 詞法分析(Lexical Analysis),27,71,84,40,139,70,83,68,81,13,414,262,676,True
資訊安全 - Web 安全：XSS / CSRF / SQL Injection,37,99,112,47,174,113,126,109,122,13,571,381,952,True
作業系統 - CPU 排程(CPU Scheduling),29,95,108,49,172,114,127,108,121,7,557,373,930,True
分散式系統 - Stream Processing（Flink / Spark Streaming）,33,253,266,49,330,220,233,214,227,19,1089,755,1844,True
電腦視覺 - 物件偵測(Object Detection),27,89,102,59,176,113,126,105,118,12,549,378,927,True
資料庫 - 關聯式模型(Relational Model),27,44,57,30,102,72,85,68,81,6,352,220,572,True
計算機網路 - 網路安全概念(Network Security Basics),29,89,102,32,149,92,105,84,97,9,482,306,788,True
計算機網路 - ARP / DHCP / DNS,33,158,171,84,270,179,192,173,186,22,852,616,1468,True
雲端 - 虛擬機(VM) 與容器(Container),27,81,94,47,156,89,102,91,104,10,483,318,801,True
程式語言 - 型別系統(Type Systems)：Static/Dynamic,27,37,50,28,93,39,52,37,50,6,272,147,419,True
資料庫 - 併發控制(Concurrency Control)：2PL / MVCC,31,94,107,46,168,112,125,104,117,6,548,362,910,True
理論 - P/NP 與 NP-Complete,29,152,165,51,231,183,196,184,197,9,818,579,1397,True
資料工程 - ETL/ELT,25,71,84,44,143,70,83,68,81,10,416,263,679,True
演算法 - 漸進複雜度(Big-O) 與分析(Analysis of Algorithms),30,196,209,58,282,151,164,152,165,12,850,569,1419,True
理論 - 上下文無關文法(CFG) 與 Pushdown Automata,31,119,132,64,211,148,161,151,164,10,699,492,1191,True
資料結構 - AVL Tree,27,200,213,100,328,203,216,198,211,15,995,716,1711,True
"嵌入式系統 - 即時系統(Real-Time Systems, RTOS)",29,70,83,35,133,120,133,118,131,6,509,349,858,True
資料結構 - Bloom Filter,27,68,81,35,131,58,71,62,75,6,385,229,614,True
資料結構 - 字串(String),24,121,134,51,200,129,142,117,130,12,630,430,1060,True
分散式系統 - 兩階段提交(2PC) 與三階段提交(3PC),27,80,93,69,177,110,123,105,118,20,538,384,922,True
計算機網路 - Ethernet 與 MAC(Ethernet/MAC),29,156,169,54,238,178,191,174,187,19,814,581,1395,True
作業系統 - 檔案系統(File System)：Inode / Journaling,31,94,107,58,180,110,123,103,116,16,557,381,938,True
資料工程 - 資料治理(Data Governance),27,58,71,31,117,57,70,54,67,12,352,212,564,True
資訊安全 - OAuth2 / OpenID Connect,31,175,188,88,291,170,183,168,181,22,874,623,1497,True
資訊安全 - 安全開發(SDL) 與威脅建模(Threat Modeling),29,158,171,84,270,124,137,124,137,8,744,498,1242,True
程式設計 - 記憶體管理(Memory Management),27,258,271,84,370,276,289,269,282,14,1239,901,2140,True
程式設計 - 測試(Test)：Unit Test / Integration Test,32,116,129,38,182,119,132,111,124,10,599,394,993,True
資料結構 - Segment Tree,27,104,117,63,195,159,172,159,172,16,683,501,1184,True
計算機網路 - CDN 與快取(Cache),27,69,82,42,139,103,116,80,93,19,457,313,770,True
資料庫 - SQL：Join / Group By / Window Function,37,152,165,79,259,163,176,158,171,13,808,565,1373,True
雲端 - 虛擬機(VM) 與容器(Container),27,114,127,58,200,100,113,98,111,22,578,392,970,True
"程式設計 - 物件導向(Object-Oriented Programming, OOP)",29,67,80,63,158,107,120,103,116,8,503,348,851,True
資訊安全 - 金鑰交換(Key Exchange)：Diffie-Hellman,27,79,92,45,152,100,113,97,110,8,494,329,823,True
軟體工程 - 效能分析(Profiling) 與最佳化(Optimization),27,70,83,38,136,105,118,98,111,7,475,318,793,True
計算機網路 - IP / Subnetting (CIDR),31,115,128,49,192,175,188,173,186,10,725,522,1247,True
電腦圖學 - Ray Tracing,27,69,82,39,136,94,107,79,92,6,444,287,731,True
資料庫 - 索引(Index)：B+ Tree / Hash Index,33,88,101,32,148,105,118,99,112,12,512,336,848,True
計算機網路 - TCP：三向交握(3-way handshake) 與流量控制,29,76,89,42,146,72,85,73,86,9,435,272,707,True
雲端 - Serverless,24,80,93,42,150,95,108,87,100,14,475,318,793,True
演算法 - 近似演算法(Approximation Algorithms),27,128,141,54,210,203,216,200,213,10,807,595,1402,True
計算機網路 - TCP：三向交握(3-way handshake) 與流量控制,28,51,64,68,147,90,103,67,80,17,422,293,715,True
機器學習 - 監督/非監督/強化學習(Supervised/Unsupervised/RL),25,81,94,27,136,91,104,88,101,9,460,296,756,True
資料結構 - B-Tree / B+ Tree,30,97,110,60,185,103,116,95,108,13,549,368,917,True
深度學習 - 表徵學習(Representation Learning),27,53,66,32,113,53,66,47,60,12,332,197,529,True
計算機網路 - Ethernet 與 MAC(Ethernet/MAC),29,73,86,55,156,111,124,114,127,11,522,364,886,True
資料工程 - 資料湖(Data Lake) 與 Lakehouse,31,94,107,54,176,101,114,98,111,20,539,367,906,True
演算法 - 強連通分量(SCC)：Kosaraju / Tarjan,29,100,113,81,209,126,139,132,145,12,635,451,1086,True
作業系統 - 虛擬化(Virtualization)：Hypervisor,25,105,118,70,203,117,130,117,130,15,606,424,1030,True
MLOps - 模型監控(Model Monitoring) 與漂移(Drift),29,85,98,36,149,84,97,70,83,12,456,287,743,True
計算機架構 - 指令集架構(ISA)：RISC vs CISC,29,98,111,52,178,111,124,102,115,7,557,370,927,True
軟體工程 - 可觀測性(Observability)：Logging / Metrics / Tracing,33,107,120,66,201,103,116,95,108,11,578,382,960,True
資訊安全 - 惡意程式(Malware) 基礎,27,46,59,30,104,49,62,48,61,6,313,179,492,True
演算法 - 漸進複雜度(Big-O) 與分析(Analysis of Algorithms),31,90,103,53,171,175,188,176,189,12,682,506,1188,True
理論 - 資訊理論(Information Theory)：Entropy,27,83,96,66,177,119,132,125,138,11,570,404,974,True
編譯器 - 最佳化(Compiler Optimizations),27,58,71,33,119,94,107,90,103,6,427,281,708,True
推薦系統 - 協同過濾(Collaborative Filtering),26,84,97,34,146,112,125,92,105,13,499,335,834,True
軟體安全 - 靜態分析(Static Analysis),27,68,81,62,158,95,108,101,114,12,488,338,826,True
分散式系統 - 容錯(Fault Tolerance),26,112,125,59,199,137,150,135,148,25,648,468,1116,True
演算法 - 漸進複雜度(Big-O) 與分析(Analysis of Algorithms),31,214,227,99,341,233,246,223,236,9,1081,778,1859,True
計算機架構 - GPU 架構(GPU Architecture),28,128,141,46,202,182,195,170,183,22,749,548,1297,True
計算機網路 - UDP 與 QUIC,29,141,154,49,218,160,173,131,144,11,718,492,1210,True
資料結構 - 佇列(Queue),24,44,57,19,91,45,58,44,57,12,287,164,451,True
電腦圖學 - 光柵化(Rasterization),25,48,61,53,129,51,64,49,62,10,341,211,552,True
嵌入式系統 - MCU 與中斷(Interrupts),27,112,125,56,196,116,129,113,126,14,603,411,1014,True
演算法 - 最短路徑(Shortest Path)：Dijkstra / Bellman-Ford,31,95,108,60,183,130,143,127,140,10,605,422,1027,True
演算法 - 近似演算法(Approximation Algorithms),27,157,170,65,250,182,195,170,183,18,825,592,1417,True
作業系統 - 記憶體管理(Virtual Memory / Paging),30,269,282,90,387,250,263,223,236,24,1198,856,2054,True
分散式系統 - 容錯(Fault Tolerance),27,122,135,46,196,115,128,114,127,13,613,410,1023,True
軟體安全 - 動態分析(Dynamic Analysis),27,61,74,35,124,50,63,46,59,12,347,204,551,True
分散式系統 - 一致性模型(Consistency Models),27,108,121,64,200,135,148,97,110,17,606,421,1027,True
作業系統 - I/O 與中斷(I/O & Interrupts),31,111,124,65,204,135,148,113,126,21,633,445,1078,True
計算機網路 - ARP / DHCP / DNS,33,117,130,88,233,129,142,125,138,16,676,475,1151,True
人機互動 - 可用性(Usability) 與使用者研究(User Study),29,60,73,29,117,48,61,45,58,7,338,189,527,True
資料結構 - 佇列(Queue),25,69,82,18,115,89,102,90,103,6,427,272,699,True
人機互動 - 可用性(Usability) 與使用者研究(User Study),29,46,59,34,108,54,67,51,64,8,327,193,520,True
MLOps - 模型部署(Model Deployment),27,61,74,33,122,67,80,56,69,14,372,231,603,True
計算機網路 - Ethernet 與 MAC(Ethernet/MAC),29,132,145,76,236,189,202,161,174,10,786,568,1354,True
分散式系統 - Stream Processing（Flink / Spark Streaming）,33,82,95,83,193,123,136,114,127,21,584,423,1007,True
"資料結構 - 二元搜尋樹(Binary Search Tree, BST)",31,63,76,44,135,78,91,60,73,8,406,253,659,True
計算機架構 - 多核心與一致性(Cache Coherence),27,112,125,56,196,162,175,154,167,28,690,512,1202,True
程式語言 - 型別系統(Type Systems)：Static/Dynamic,26,85,98,42,155,144,157,142,155,6,591,419,1010,True
資料庫 - 併發控制(Concurrency Control)：2PL / MVCC,31,108,121,67,203,135,148,118,131,10,634,438,1072,True
資料庫 - 交易(Transaction) 與 ACID,29,50,63,19,97,59,72,58,71,12,332,198,530,True
演算法 - 近似演算法(Approximation Algorithms),27,161,174,51,240,224,237,220,233,20,911,676,1587,True
演算法 - 排序(Sorting)：QuickSort / MergeSort / HeapSort,33,132,145,41,201,165,178,148,161,14,718,500,1218,True
資訊安全 - 漏洞與攻擊面(Vulnerabilities & Attack Surface),31,59,72,50,137,73,86,69,82,10,408,261,669,True
資料結構 - 堆疊(Stack),25,230,243,54,312,245,258,251,264,8,1102,788,1890,True
資料結構 - 集合(Set),25,92,105,39,159,94,107,91,104,10,500,326,826,True
強化學習 - MDP 與策略梯度(Policy Gradient),29,79,92,48,155,66,79,62,75,10,430,265,695,True
軟體工程 - 可觀測性(Observability)：Logging / Metrics / Tracing,33,50,63,24,102,50,63,47,60,12,321,183,504,True
平行與高效能運算 - GPU 計算(CUDA) 基礎,29,139,152,81,248,181,194,173,186,11,809,585,1394,True
演算法 - 隨機化演算法(Randomized Algorithms),27,71,84,29,128,79,92,87,100,6,431,272,703,True
計算機架構 - 指令集架構(ISA)：RISC vs CISC,29,89,102,36,153,99,112,94,107,15,503,333,836,True
程式設計 - 函數式程式設計(Functional Programming),27,60,73,51,139,71,84,73,86,10,409,265,674,True
平行與高效能運算 - GPU 計算(CUDA) 基礎,29,79,92,48,155,101,114,101,114,15,504,344,848,True
計算機網路 - WebSocket,25,109,122,54,191,126,139,102,115,11,592,402,994,True
計算機架構 - 分支預測(Branch Prediction),27,201,214,54,283,241,254,240,253,6,1031,742,1773,True
分散式系統 - 分散式鎖(Distributed Lock),27,106,119,43,177,136,149,136,149,20,621,441,1062,True
演算法 - 排序(Sorting)：QuickSort / MergeSort / HeapSort,32,115,128,51,194,149,162,144,157,6,673,465,1138,True
演算法 - 遞迴(Recursion) 與分治(Divide and Conquer),31,133,146,51,212,133,146,124,137,10,672,451,1123,True
資料探勘 - 分群(Clustering) 與降維(Dimensionality Reduction),29,76,89,60,164,76,89,74,87,12,458,298,756,True
資訊安全 - 雜湊(Hash) 與 HMAC,29,68,81,42,138,108,121,103,116,13,485,334,819,True
深度學習 - 反向傳播(Backpropagation),25,34,47,40,102,40,53,34,47,6,274,154,428,True
計算機網路 - OSI/TCP-IP 模型(OSI/TCP-IP Model),28,93,106,45,166,124,137,117,130,18,567,397,964,True
編譯器 - 語法分析(Parsing)：LL/LR,25,150,163,25,203,151,164,150,163,8,718,484,1202,True
雲端 - 負載平衡(Load Balancing),27,106,119,46,180,138,151,129,142,12,619,431,1050,True
自然語言處理 - 指令微調(Instruction Tuning),27,49,62,27,104,53,66,48,61,11,320,188,508,True
程式設計 - 記憶體管理(Memory Management),27,51,64,52,131,102,115,78,91,11,428,294,722,True
資料結構 - Bloom Filter,27,58,71,34,120,55,68,54,67,6,353,207,560,True
形式化方法 - 模型檢查(Model Checking),27,58,71,32,118,77,90,73,86,12,392,252,644,True
演算法 - 近似演算法(Approximation Algorithms),27,117,130,84,229,182,195,143,156,21,737,547,1284,True
資料工程 - 特徵工程(Feature Engineering),27,73,86,38,139,92,105,94,107,15,464,312,776,True
分散式系統 - Service Discovery,27,62,75,50,140,81,94,78,91,9,427,280,707,True
計算機架構 - 多核心與一致性(Cache Coherence),27,157,170,76,261,158,171,131,144,10,773,532,1305,True
作業系統 - 行程/執行緒(Process/Thread),24,139,152,47,214,121,134,120,133,8,657,435,1092,True
演算法 - 字串比對(String Matching)：KMP / Rabin-Karp / Z-algorithm,35,128,141,62,218,132,145,131,144,15,683,468,1151,True
深度學習 - 表徵學習(Representation Learning),27,53,66,39,120,85,98,86,99,11,410,274,684,True
MLOps - 模型部署(Model Deployment),27,62,75,23,113,64,77,63,76,12,368,224,592,True
機器學習 - 監督/非監督/強化學習(Supervised/Unsupervised/RL),25,40,53,47,115,50,63,48,61,9,317,194,511,True
軟體安全 - 動態分析(Dynamic Analysis),27,35,48,23,86,36,49,38,51,10,261,142,403,True
理論 - 資訊理論(Information Theory)：Entropy,27,181,194,95,304,245,258,249,262,7,1045,777,1822,True
演算法 - 近似演算法(Approximation Algorithms),27,68,81,51,147,108,121,108,121,12,497,347,844,True
演算法 - 強連通分量(SCC)：Kosaraju / Tarjan,29,133,146,69,230,126,139,123,136,13,680,464,1144,True
資訊安全 - 雜湊(Hash) 與 HMAC,29,82,95,40,150,76,89,74,87,10,450,282,732,True
資料結構 - AVL Tree,27,127,140,61,216,182,195,180,193,13,771,563,1334,True
程式語言 - Concurrency Model（Actor / CSP）,31,95,108,48,171,110,123,109,122,17,555,379,934,True
電腦視覺 - 物件偵測(Object Detection),27,133,146,92,253,183,196,140,153,6,775,554,1329,True
演算法 - 圖論(Graph Algorithms)：BFS / DFS,31,84,97,49,161,89,102,87,100,10,491,319,810,True
編譯器 - 最佳化(Compiler Optimizations),26,49,62,32,109,121,134,116,129,9,460,327,787,True
計算機架構 - Pipeline 與 Hazard,29,170,183,67,265,245,258,244,257,27,992,753,1745,True
深度學習 - 最佳化(Optimization)：SGD / Adam,29,82,95,56,166,84,97,82,95,17,482,321,803,True
資訊安全 - 密碼學基礎(Cryptography Basics),27,94,107,32,154,109,122,106,119,14,529,355,884,True
資料結構 - Heap / Priority Queue,31,425,438,85,538,206,219,201,214,10,1440,927,2367,True
資料結構 - 陣列(Array),25,250,263,76,354,244,257,230,243,22,1142,822,1964,True
演算法 - 圖論(Graph Algorithms)：BFS / DFS,31,126,139,57,211,132,145,129,142,12,668,456,1124,True
演算法 - NP-Complete 與計算複雜度(Computational Complexity),29,120,133,57,205,145,158,142,155,13,680,477,1157,True
分散式系統 - 分散式鎖(Distributed Lock),27,75,88,52,155,109,122,102,115,30,507,368,875,True
作業系統 - 置換演算法(Page Replacement)：LRU / FIFO,31,134,147,32,194,151,164,150,163,17,699,484,1183,True
MLOps - 模型監控(Model Monitoring) 與漂移(Drift),29,49,62,50,127,86,99,84,97,11,414,280,694,True
資料結構 - Bloom Filter,27,46,59,32,106,89,102,81,94,11,388,259,647,True
演算法 - 隨機化演算法(Randomized Algorithms),27,53,66,27,108,62,75,62,75,6,351,210,561,True
雲端 - Serverless,25,44,57,42,114,55,68,50,63,10,327,201,528,True
雲端 - 負載平衡(Load Balancing),27,102,115,44,174,150,163,136,149,21,628,453,1081,True
分散式系統 - 時鐘與排序(Clock)：Lamport / Vector Clock,31,129,142,38,195,147,160,150,163,14,691,478,1169,True
計算機網路 - NAT / Firewall,29,122,135,47,197,136,149,124,137,12,647,441,1088,True
平行與高效能運算 - 多執行緒(Threads) 與 OpenMP,29,125,138,45,198,157,170,167,180,12,715,506,1221,True
計算機網路 - TCP：三向交握(3-way handshake) 與流量控制,29,91,104,41,160,100,113,106,119,10,525,348,873,True
電腦圖學 - Ray Tracing,27,77,90,56,161,66,79,67,80,21,437,287,724,True
演算法 - 匹配(Matching)：Bipartite Matching / Hungarian,31,83,96,39,150,114,127,111,124,11,528,358,886,True
資料結構 - Segment Tree,27,54,67,29,111,100,113,99,112,20,430,302,732,True
作業系統 - 虛擬化(Virtualization)：Hypervisor,25,102,115,45,175,111,124,109,122,13,561,380,941,True
演算法 - 平行演算法(Parallel Algorithms),27,115,128,28,171,140,153,143,156,12,635,438,1073,True
DevOps - IaC (Infrastructure as Code)：Terraform,31,108,121,73,209,130,143,126,139,10,643,447,1090,True
資訊安全 - 惡意程式(Malware) 基礎,27,39,52,26,93,58,71,61,74,8,317,192,509,True
作業系統 - 同步(Synchronization)：Mutex / Semaphore / Monitor,33,197,210,64,289,190,203,182,195,16,930,649,1579,True
DevOps - IaC (Infrastructure as Code)：Terraform,31,116,129,59,203,113,126,108,121,14,610,410,1020,True
資料結構 - 圖(Graph) 表示法（Adjacency List/Matrix）,28,68,81,43,139,91,104,84,97,6,449,292,741,True
資料結構 - 堆疊(Stack),25,251,264,41,320,294,307,295,308,13,1224,894,2118,True
資料結構 - 雜湊表(Hash Table),27,47,60,18,93,48,61,49,62,6,303,168,471,True
計算機網路 - UDP 與 QUIC,29,109,122,57,194,103,116,91,104,13,565,373,938,True
深度學習 - 表徵學習(Representation Learning),27,62,75,50,140,60,73,63,76,8,391,243,634,True
程式語言 - 型別系統(Type Systems)：Static/Dynamic,27,62,75,47,137,110,123,108,121,12,483,339,822,True
人機互動 - 可用性(Usability) 與使用者研究(User Study),29,47,60,19,94,52,65,44,57,8,305,170,475,True
資料結構 - 雙端佇列(Deque),25,81,94,45,154,154,167,156,169,6,609,442,1051,True
軟體工程 - 版本控制(Git) 與分支策略(Branching Strategy),29,128,141,93,249,160,173,154,167,22,759,557,1316,True
自然語言處理 - 語言模型(Language Models) 與 Tokenization,31,111,124,68,207,133,146,127,140,15,648,454,1102,True
嵌入式系統 - 通訊協定(I2C / SPI / UART),33,79,92,47,154,107,120,111,124,10,523,354,877,True
軟體工程 - 版本控制(Git) 與分支策略(Branching Strategy),29,109,122,48,185,130,143,126,139,19,618,432,1050,True
軟體工程 - API 設計(REST / GraphQL),31,104,117,99,231,147,160,140,153,17,692,507,1199,True
演算法 - 最短路徑(Shortest Path)：Dijkstra / Bellman-Ford,31,94,107,57,179,133,146,128,141,10,604,422,1026,True
計算機網路 - IP / Subnetting (CIDR),31,143,156,43,214,127,140,120,133,12,674,445,1119,True
雲端 - Serverless,25,44,57,51,123,42,55,46,59,10,319,193,512,True
深度學習 - 最佳化(Optimization)：SGD / Adam,29,95,108,63,186,136,149,115,128,15,600,424,1024,True
機器學習 - 線性模型(Linear Models)：Linear/Logistic Regression,29,134,147,61,223,125,138,122,135,6,672,448,1120,True
電腦視覺 - 物件偵測(Object Detection),27,50,63,45,123,89,102,61,74,9,389,254,643,True
資訊安全 - 漏洞與攻擊面(Vulnerabilities & Attack Surface),31,43,56,29,100,66,79,61,74,12,340,211,551,True
電腦視覺 - 影像分類(Image Classification),27,69,82,20,117,64,77,65,78,13,381,231,612,True
資料結構 - Heap / Priority Queue,30,70,83,36,134,78,91,76,89,14,427,274,701,True
資料庫 - 資料倉儲(Data Warehouse) 與 OLAP,31,202,215,55,285,170,183,165,178,14,892,606,1498,True
資訊安全 - 密碼學基礎(Cryptography Basics),27,91,104,28,147,96,109,94,107,6,494,315,809,True
資料結構 - LRU Cache,27,157,170,54,239,190,203,190,203,13,842,604,1446,True
計算機網路 - CDN 與快取(Cache),27,82,95,25,135,87,100,85,98,13,455,292,747,True
形式化方法 - 模型檢查(Model Checking),27,50,63,33,111,49,62,45,58,13,321,190,511,True
作業系統 - 置換演算法(Page Replacement)：LRU / FIFO,31,348,361,83,459,564,577,564,577,16,2005,1575,3580,True
演算法 - 字串比對(String Matching)：KMP / Rabin-Karp / Z-algorithm,35,108,121,58,194,137,150,134,147,13,647,450,1097,True
分散式系統 - 兩階段提交(2PC) 與三階段提交(3PC),27,104,117,63,195,106,119,101,114,10,572,384,956,True
程式語言 - Concurrency Model（Actor / CSP）,30,126,139,54,208,133,146,120,133,13,656,446,1102,True
深度學習 - CNN / RNN / Transformer,33,86,99,57,171,94,107,92,105,12,515,341,856,True
資料工程 - 資料治理(Data Governance),27,49,62,20,97,64,77,68,81,8,344,209,553,True
分散式系統 - 兩階段提交(2PC) 與三階段提交(3PC),27,122,135,59,209,123,136,119,132,19,639,442,1081,True
資訊安全 - 數位簽章(Digital Signature),27,52,65,34,114,54,67,56,69,8,342,204,546,True
分散式系統 - CAP 定理(CAP Theorem),29,43,56,46,117,51,64,47,60,15,326,202,528,True
資料結構 - Red-Black Tree,27,70,83,34,132,80,93,83,96,8,431,275,706,True
分散式系統 - Leader Election,27,80,93,42,150,93,106,92,105,16,481,323,804,True
演算法 - 拓樸排序(Topological Sort),27,220,233,54,302,249,262,245,258,6,1082,774,1856,True
資訊安全 - 數位簽章(Digital Signature),27,70,83,37,135,69,82,72,85,8,412,256,668,True
機器學習 - 神經網路(Neural Networks),27,99,112,54,181,126,139,120,133,16,592,415,1007,True
分散式系統 - Service Discovery,27,43,56,30,101,50,63,50,63,6,310,179,489,True
"演算法 - 動態規劃(Dynamic Programming, DP)",29,82,95,37,147,84,97,80,93,12,461,295,756,True
深度學習 - 表徵學習(Representation Learning),27,71,84,30,129,74,87,70,83,10,410,255,665,True
資料工程 - 特徵工程(Feature Engineering),27,57,70,41,126,73,86,77,90,13,399,261,660,True
演算法 - 最小生成樹(MST)：Kruskal / Prim,29,151,164,80,259,154,167,145,158,11,777,541,1318,True
電腦視覺 - 分割(Segmentation),25,65,78,48,141,76,89,75,88,23,421,287,708,True
資料結構 - AVL Tree,27,96,109,24,148,98,111,97,110,19,505,334,839,True
MLOps - 模型部署(Model Deployment),26,63,76,39,130,61,74,54,67,13,373,230,603,True
軟體工程 - SOLID 原則(SOLID Principles),29,92,105,46,166,176,189,168,181,13,670,495,1165,True
資料結構 - 陣列(Array),25,73,86,39,140,76,89,63,76,10,416,261,677,True
計算機網路 - WebSocket,25,101,114,48,177,115,128,114,127,11,571,389,960,True
雲端 - Serverless,25,87,100,73,188,104,117,94,107,15,537,373,910,True
資料結構 - 堆疊(Stack),25,209,222,90,327,286,299,277,290,8,1163,870,2033,True
程式設計 - 例外處理(Exception Handling),27,79,92,43,150,91,104,89,102,16,475,318,793,True
MLOps - 模型監控(Model Monitoring) 與漂移(Drift),29,103,116,40,171,107,120,108,121,10,557,368,925,True
分散式系統 - Service Discovery,27,94,107,28,150,77,90,68,81,14,455,281,736,True
資訊安全 - 身分驗證(Authentication) 與授權(Authorization),27,57,70,30,115,76,89,71,84,8,385,242,627,True
演算法 - 排序(Sorting)：QuickSort / MergeSort / HeapSort,32,120,133,42,190,137,150,133,146,14,651,446,1097,True
資料庫 - 索引(Index)：B+ Tree / Hash Index,33,92,105,64,184,123,136,119,132,19,590,417,1007,True
演算法 - 最小生成樹(MST)：Kruskal / Prim,29,118,131,77,223,139,152,137,150,26,685,497,1182,True
軟體工程 - CI/CD,25,241,254,74,343,213,226,210,223,18,1071,756,1827,True
理論 - 上下文無關文法(CFG) 與 Pushdown Automata,31,118,131,77,223,135,148,133,146,13,679,476,1155,True
程式設計 - 記憶體管理(Memory Management),27,81,94,40,149,100,113,91,104,12,487,324,811,True
"編譯器 - 抽象語法樹(Abstract Syntax Tree, AST)",30,113,126,40,181,88,101,88,101,9,539,338,877,True
分散式系統 - 一致性模型(Consistency Models),27,96,109,23,147,182,195,177,190,12,668,490,1158,True
計算機架構 - Pipeline 與 Hazard,29,217,230,63,308,321,334,323,336,21,1237,945,2182,True
演算法 - 漸進複雜度(Big-O) 與分析(Analysis of Algorithms),31,179,192,59,266,209,222,200,213,9,924,656,1580,False
"嵌入式系統 - 即時系統(Real-Time Systems, RTOS)",29,142,155,44,214,162,175,158,171,9,744,515,1259,True
資料結構 - AVL Tree,27,177,190,78,283,188,201,169,182,14,883,626,1509,True
雲端 - Serverless,25,55,68,31,114,49,62,50,63,14,332,199,531,True
作業系統 - 檔案系統(File System)：Inode / Journaling,31,160,173,68,256,132,145,131,144,13,749,504,1253,True
電腦圖學 - 光照模型(Lighting Models),27,54,67,41,123,94,107,99,112,15,436,303,739,True
計算機網路 - 網路安全概念(Network Security Basics),29,107,120,37,172,105,118,99,112,8,551,356,907,True
資料結構 - Trie/Prefix Tree,27,89,102,53,170,112,125,105,118,15,542,374,916,True
理論 - 上下文無關文法(CFG) 與 Pushdown Automata,31,174,187,42,244,145,158,137,150,13,770,511,1281,True
計算機網路 - TLS/HTTPS,25,63,76,35,126,71,84,67,80,11,391,247,638,True
演算法 - NP-Complete 與計算複雜度(Computational Complexity),29,149,162,68,245,184,197,182,195,19,828,602,1430,True
計算機架構 - GPU 架構(GPU Architecture),29,116,129,38,182,120,133,120,133,19,606,413,1019,True
資料庫 - 復原與日誌(Recovery & WAL),29,68,81,75,171,147,160,115,128,12,569,417,986,True
資料結構 - 集合(Set),25,112,125,57,197,120,133,115,128,8,608,412,1020,True
演算法 - 雙指標(Two Pointers) 與滑動視窗(Sliding Window),30,88,101,27,143,108,121,106,119,7,514,336,850,True
遊戲開發 - 遊戲迴圈(Game Loop) 與物理引擎(Physics Engine),31,102,115,53,183,107,120,104,117,15,566,381,947,True
資料結構 - B-Tree / B+ Tree,31,87,100,31,146,87,100,89,102,12,479,306,785,True
計算機架構 - GPU 架構(GPU Architecture),29,132,145,25,185,117,130,114,127,19,616,407,1023,True
"資料結構 - Fenwick Tree (Binary Indexed Tree, BIT)",35,201,214,68,297,202,215,195,208,7,969,673,1642,True
資料工程 - 資料治理(Data Governance),27,52,65,34,114,74,87,61,74,6,367,227,594,True
計算機網路 - OSI/TCP-IP 模型(OSI/TCP-IP Model),29,143,156,33,204,125,138,120,133,9,660,430,1090,True
形式化方法 - 模型檢查(Model Checking),27,149,162,62,239,161,174,158,171,18,773,548,1321,True
演算法 - 遞迴(Recursion) 與分治(Divide and Conquer),31,155,168,57,240,181,194,169,182,14,815,576,1391,True
作業系統 - 系統呼叫(System Calls),27,72,85,31,131,89,102,87,100,13,445,292,737,True
軟體工程 - 版本控制(Git) 與分支策略(Branching Strategy),28,110,123,53,191,142,155,126,139,17,636,448,1084,True
資訊安全 - 密碼學基礎(Cryptography Basics),27,76,89,19,123,57,70,52,65,8,374,212,586,True
"資料結構 - 二元搜尋樹(Binary Search Tree, BST)",31,68,81,35,131,82,95,68,81,16,419,269,688,True
作業系統 - 記憶體管理(Virtual Memory / Paging),30,204,217,62,294,197,210,165,178,13,929,641,1570,True
計算機架構 - Pipeline 與 Hazard,29,170,183,63,261,230,243,210,223,25,939,698,1637,True
作業系統 - 置換演算法(Page Replacement)：LRU / FIFO,30,502,515,75,605,599,612,584,597,17,2359,1777,4136,True
理論 - 上下文無關文法(CFG) 與 Pushdown Automata,31,150,163,86,264,170,183,176,189,21,830,603,1433,True
軟體工程 - SOLID 原則(SOLID Principles),29,97,110,40,165,104,117,105,118,15,539,361,900,True
IoT - MQTT / CoAP,29,80,93,52,160,90,103,86,99,17,484,325,809,True
MLOps - 模型監控(Model Monitoring) 與漂移(Drift),29,77,90,56,161,102,115,105,118,13,513,353,866,True
電腦視覺 - 影像分類(Image Classification),27,66,79,31,125,65,78,62,75,9,384,233,617,True
強化學習 - MDP 與策略梯度(Policy Gradient),29,105,118,58,191,110,123,78,91,25,552,376,928,True
嵌入式系統 - 通訊協定(I2C / SPI / UART),33,92,105,62,182,114,127,112,125,12,572,392,964,True
計算機網路 - Ethernet 與 MAC(Ethernet/MAC),29,95,108,32,155,131,144,129,142,9,578,396,974,True
程式語言 - 記憶體安全(Memory Safety),26,95,108,44,167,112,125,105,118,11,544,367,911,True
資訊安全 - 安全開發(SDL) 與威脅建模(Threat Modeling),29,112,125,40,180,178,191,158,171,12,696,500,1196,True
計算機網路 - TCP 擁塞控制(Congestion Control),29,97,110,53,178,115,128,113,126,30,571,408,979,True
"資料結構 - Union-Find (Disjoint Set Union, DSU)",33,102,115,44,174,110,123,107,120,15,565,378,943,True
資料結構 - B-Tree / B+ Tree,31,90,103,27,145,87,100,86,99,20,478,310,788,True
資料庫 - 復原與日誌(Recovery & WAL),29,128,141,34,190,200,213,198,211,16,784,576,1360,True
演算法 - 貪婪(Greedy),25,73,86,42,143,108,121,118,131,7,506,348,854,True
資料結構 - 佇列(Queue),25,110,123,43,181,125,138,125,138,12,605,415,1020,True
演算法 - 雙指標(Two Pointers) 與滑動視窗(Sliding Window),31,57,70,34,119,77,90,78,91,6,401,252,653,True
軟體工程 - 微服務(Microservices),25,42,55,32,102,67,80,51,64,20,326,212,538,True
雲端 - Kubernetes 基礎,27,63,76,46,137,68,81,67,80,13,401,257,658,True
資訊安全 - 漏洞與攻擊面(Vulnerabilities & Attack Surface),31,57,70,26,111,60,73,58,71,11,356,212,568,True
演算法 - 隨機化演算法(Randomized Algorithms),26,104,117,46,178,168,181,166,179,8,681,492,1173,True
資料工程 - 資料湖(Data Lake) 與 Lakehouse,31,130,143,65,223,122,135,111,124,22,656,450,1106,True
演算法 - 遞迴(Recursion) 與分治(Divide and Conquer),31,73,86,36,137,67,80,65,78,8,412,249,661,True
自然語言處理 - 指令微調(Instruction Tuning),27,30,43,46,104,40,53,38,51,11,278,165,443,True
演算法 - 最大流/最小割(Max Flow/Min Cut)：Edmonds-Karp / Dinic,33,121,134,50,199,141,154,136,149,8,669,456,1125,True
資料庫 - 隔離等級(Isolation Levels),26,95,108,45,168,105,118,111,124,14,544,370,914,True
理論 - 正則語言與有限自動機(Regular Languages & DFA/NFA),31,128,141,80,236,145,158,148,161,17,727,518,1245,True
資料結構 - 連結串列(Linked List),27,82,95,26,136,64,77,65,78,10,413,247,660,True
軟體工程 - 版本控制(Git) 與分支策略(Branching Strategy),29,105,118,58,191,126,139,121,134,16,611,426,1037,True
演算法 - 平行演算法(Parallel Algorithms),27,138,151,42,208,131,144,130,143,16,673,457,1130,True
電腦圖學 - 光柵化(Rasterization),25,81,94,20,129,78,91,77,90,6,429,262,691,True
計算機網路 - NAT / Firewall,29,103,116,42,173,129,142,113,126,14,586,401,987,True
深度學習 - 最佳化(Optimization)：SGD / Adam,29,76,89,51,155,85,98,84,97,10,468,306,774,True
計算機網路 - ARP / DHCP / DNS,33,156,169,84,268,157,170,154,167,15,807,566,1373,True
程式設計 - 測試(Test)：Unit Test / Integration Test,33,56,69,41,125,70,83,56,69,10,379,233,612,True
計算機網路 - ARP / DHCP / DNS,33,127,140,78,233,137,150,135,148,13,704,490,1194,True
作業系統 - CPU 排程(CPU Scheduling),29,123,136,42,193,112,125,108,121,22,604,407,1011,True
計算機網路 - Routing：OSPF / BGP,29,143,156,62,233,161,174,146,159,15,751,527,1278,True
IoT - 感測器(Sensors) 與資料收集,27,86,99,32,146,87,100,79,92,7,464,291,755,True
IoT - MQTT / CoAP,29,111,124,78,217,160,173,139,152,26,695,514,1209,True
深度學習 - 最佳化(Optimization)：SGD / Adam,29,170,183,84,282,209,222,184,197,16,913,663,1576,True
資料結構 - 雙端佇列(Deque),25,184,197,52,264,315,328,319,332,9,1146,879,2025,True
計算機架構 - 多核心與一致性(Cache Coherence),27,117,130,45,190,127,140,127,140,16,627,432,1059,True
資料庫 - 分割與分片(Partitioning & Sharding),29,69,82,53,150,79,92,73,86,10,439,284,723,True
雲端 - Kubernetes 基礎,27,65,78,27,120,64,77,63,76,12,378,231,609,True
計算機網路 - IP / Subnetting (CIDR),31,151,164,40,219,177,190,180,193,9,797,557,1354,True
深度學習 - 反向傳播(Backpropagation),25,50,63,42,120,53,66,52,65,6,339,203,542,True
"編譯器 - 抽象語法樹(Abstract Syntax Tree, AST)",30,110,123,42,180,91,104,86,99,13,536,342,878,True
資料結構 - Heap / Priority Queue,31,90,103,43,161,116,129,114,127,14,551,377,928,True
深度學習 - 最佳化(Optimization)：SGD / Adam,29,102,115,42,172,114,127,113,126,14,569,385,954,True
分散式系統 - MapReduce 與資料處理,27,95,108,48,171,102,115,106,119,20,540,371,911,True
資料工程 - ETL/ELT,25,95,108,20,143,71,84,72,85,13,445,271,716,True
程式語言 - Concurrency Model（Actor / CSP）,31,114,127,56,198,153,166,150,163,17,685,490,1175,True
計算機架構 - 匯流排與 I/O(Bus & I/O),31,141,154,52,221,156,169,150,163,19,738,518,1256,True
電腦圖學 - 2D/3D 轉換(Transforms),27,95,108,51,174,157,170,153,166,6,645,462,1107,True
分散式系統 - Service Discovery,26,186,199,112,326,246,259,225,238,8,1048,777,1825,True
計算機架構 - 匯流排與 I/O(Bus & I/O),31,93,106,46,167,121,134,102,115,13,553,375,928,True
演算法 - 雙指標(Two Pointers) 與滑動視窗(Sliding Window),31,102,115,46,176,98,111,100,113,7,546,353,899,True
演算法 - 遞迴(Recursion) 與分治(Divide and Conquer),31,49,62,55,132,58,71,58,71,6,367,226,593,True
演算法 - NP-Complete 與計算複雜度(Computational Complexity),28,117,130,38,183,131,144,121,134,15,619,422,1041,True
資料庫 - 時序資料庫(Time-Series DB),27,73,86,41,142,81,94,77,90,12,439,284,723,True
機器學習 - 監督/非監督/強化學習(Supervised/Unsupervised/RL),24,127,140,33,188,114,127,106,119,12,598,392,990,True
演算法 - 回溯(Backtracking),25,57,70,37,122,76,89,67,80,8,386,245,631,True
資料庫 - 索引(Index)：B+ Tree / Hash Index,33,85,98,53,166,94,107,92,105,18,509,342,851,True
資料庫 - 分割與分片(Partitioning & Sharding),29,46,59,51,125,62,75,47,60,16,348,222,570,True
計算機架構 - 多核心與一致性(Cache Coherence),27,189,202,77,294,244,257,241,254,13,1034,764,1798,True
計算機網路 - IP / Subnetting (CIDR),31,257,270,60,345,256,269,258,271,8,1186,839,2025,True
資料庫 - 隔離等級(Isolation Levels),27,72,85,35,135,135,148,130,143,21,538,393,931,True
程式語言 - Concurrency Model（Actor / CSP）,31,115,128,65,208,160,173,147,160,13,700,500,1200,True
作業系統 - 行程/執行緒(Process/Thread),25,44,57,29,101,46,59,41,54,6,296,166,462,True
計算機網路 - TLS/HTTPS,25,51,64,61,140,88,101,85,98,15,428,300,728,True
資料結構 - Heap / Priority Queue,31,162,175,52,242,232,245,209,222,8,915,663,1578,True
演算法 - 拓樸排序(Topological Sort),27,81,94,40,149,82,95,84,97,9,462,296,758,True
雲端 - 負載平衡(Load Balancing),27,72,85,52,152,91,104,85,98,14,466,314,780,True
電腦圖學 - 2D/3D 轉換(Transforms),27,198,211,69,295,196,209,195,208,12,950,670,1620,True
分散式系統 - 共識(Consensus)：Paxos / Raft,29,152,165,89,269,138,151,136,149,10,763,525,1288,True
電腦視覺 - 分割(Segmentation),25,48,61,35,111,60,73,58,71,7,341,208,549,True
平行與高效能運算 - 多執行緒(Threads) 與 OpenMP,29,87,100,34,149,87,100,85,98,22,476,315,791,True
分散式系統 - 共識(Consensus)：Paxos / Raft,29,77,90,38,143,71,84,57,70,16,416,259,675,True
"編譯器 - 抽象語法樹(Abstract Syntax Tree, AST)",31,88,101,53,169,85,98,81,94,11,493,318,811,True
程式語言 - 型別系統(Type Systems)：Static/Dynamic,27,85,98,35,148,59,72,57,70,11,415,247,662,True
計算機網路 - IP / Subnetting (CIDR),31,144,157,53,225,171,184,166,179,8,776,542,1318,True
程式設計 - 例外處理(Exception Handling),27,81,94,78,187,96,109,89,102,12,519,356,875,True
"資料結構 - 二元搜尋樹(Binary Search Tree, BST)",31,210,223,73,311,240,253,242,255,7,1073,772,1845,True
計算機網路 - WebSocket,25,83,96,74,185,110,123,101,114,10,543,378,921,True
計算機網路 - TCP：三向交握(3-way handshake) 與流量控制,29,84,97,63,175,92,105,91,104,14,510,344,854,True
演算法 - 隨機化演算法(Randomized Algorithms),27,61,74,26,115,65,78,64,77,6,371,222,593,True
資料庫 - 索引(Index)：B+ Tree / Hash Index,33,88,101,41,157,103,116,100,113,12,520,344,864,True
資訊安全 - 密碼學基礎(Cryptography Basics),27,93,106,44,165,120,133,116,129,8,560,381,941,True
嵌入式系統 - MCU 與中斷(Interrupts),27,96,109,37,161,134,147,101,114,9,558,377,935,True
分散式系統 - Stream Processing（Flink / Spark Streaming）,33,72,85,59,159,82,95,80,93,19,465,312,777,True
"編譯器 - 中介表示(Intermediate Representation, IR)",29,99,112,60,187,135,148,100,113,10,589,404,993,True
編譯器 - 最佳化(Compiler Optimizations),27,193,206,73,294,232,245,206,219,11,991,715,1706,True
人機互動 - 互動設計(Interaction Design),27,39,52,29,96,63,76,67,80,9,331,207,538,True
資料結構 - Red-Black Tree,27,56,69,34,118,61,74,61,74,11,362,223,585,True
分散式系統 - 共識(Consensus)：Paxos / Raft,29,127,140,75,230,144,157,140,153,17,709,503,1212,True
資料結構 - Segment Tree,27,97,110,28,153,85,98,82,95,6,483,298,781,True
機器學習 - 神經網路(Neural Networks),27,96,109,36,160,104,117,88,101,12,514,336,850,True
分散式系統 - 兩階段提交(2PC) 與三階段提交(3PC),27,72,85,38,138,98,111,96,109,12,470,316,786,True
雲端 - 負載平衡(Load Balancing),27,112,125,65,205,135,148,128,141,15,646,455,1101,True
程式設計 - 函數式程式設計(Functional Programming),27,56,69,27,111,66,79,65,78,9,364,223,587,True
作業系統 - 容器與命名空間(Containers & Namespaces),29,75,88,27,130,72,85,70,83,13,415,257,672,True
軟體工程 - 重構(Refactoring),25,39,52,37,104,61,74,50,63,6,318,193,511,True
IoT - MQTT / CoAP,29,234,247,65,327,203,216,199,212,19,1031,720,1751,True
資料結構 - LRU Cache,27,103,116,49,180,142,155,136,149,11,627,441,1068,True
資訊檢索 - 搜尋引擎(Information Retrieval),27,64,77,42,134,79,92,73,86,12,416,270,686,True
資料庫 - SQL：Join / Group By / Window Function,37,196,209,59,283,207,220,214,227,22,976,698,1674,True
程式設計 - 函數式程式設計(Functional Programming),27,35,48,22,85,67,80,46,59,8,299,178,477,True
雲端 - Serverless,25,92,105,57,177,120,133,114,127,13,567,396,963,True
演算法 - 近似演算法(Approximation Algorithms),27,218,231,76,322,201,214,198,211,14,1005,707,1712,True
IoT - MQTT / CoAP,29,110,123,53,191,138,151,131,144,17,638,449,1087,True
資料結構 - 雙端佇列(Deque),25,228,241,46,302,290,303,286,299,9,1170,859,2029,True
演算法 - 字串比對(String Matching)：KMP / Rabin-Karp / Z-algorithm,35,80,93,49,157,97,110,97,110,11,505,334,839,True
程式設計 - 記憶體管理(Memory Management),27,152,165,42,222,198,211,192,205,12,830,596,1426,True
演算法 - 圖論(Graph Algorithms)：BFS / DFS,31,83,96,48,159,163,176,132,145,20,607,446,1053,True
計算機網路 - Ethernet 與 MAC(Ethernet/MAC),29,127,140,39,194,146,159,130,143,18,665,460,1125,True
演算法 - 全點對最短路徑(All-Pairs)：Floyd-Warshall,25,162,175,46,236,149,162,149,162,10,760,516,1276,True
作業系統 - 虛擬化(Virtualization)：Hypervisor,25,113,126,67,208,141,154,139,152,6,665,466,1131,True
編譯器 - 詞法分析(Lexical Analysis),27,53,66,44,125,79,92,71,84,7,394,254,648,True
演算法 - 雙指標(Two Pointers) 與滑動視窗(Sliding Window),31,78,91,30,136,105,118,105,118,6,494,324,818,True
演算法 - NP-Complete 與計算複雜度(Computational Complexity),29,138,151,59,225,162,175,162,175,12,755,533,1288,True
程式語言 - Garbage Collection (GC),29,49,62,40,117,62,75,61,74,8,357,220,577,True
資訊安全 - 緩衝區溢位(Buffer Overflow) 概念,28,93,106,49,170,127,140,124,137,8,581,401,982,True
作業系統 - I/O 與中斷(I/O & Interrupts),31,99,112,51,178,99,112,94,107,14,540,357,897,True
資料庫 - 交易(Transaction) 與 ACID,29,47,60,27,102,56,69,55,68,8,328,193,521,True
推薦系統 - 協同過濾(Collaborative Filtering),27,45,58,34,107,54,67,52,65,14,324,199,523,True
計算機網路 - WebSocket,25,226,239,80,334,182,195,180,193,18,986,686,1672,True
雲端 - 快取與訊息佇列(Cache & Message Queue),31,63,76,57,148,80,93,75,88,10,436,285,721,True
計算機架構 - 匯流排與 I/O(Bus & I/O),31,147,160,34,209,151,164,139,152,13,716,484,1200,True
資料結構 - 連結串列(Linked List),27,92,105,50,170,117,130,124,137,6,569,389,958,True
雲端 - 虛擬機(VM) 與容器(Container),26,102,115,43,173,107,120,106,119,13,553,371,924,True
軟體安全 - 靜態分析(Static Analysis),27,71,84,32,131,75,88,66,79,10,409,254,663,True
作業系統 - I/O 與中斷(I/O & Interrupts),31,115,128,70,213,127,140,124,137,21,649,457,1106,True
演算法 - 匹配(Matching)：Bipartite Matching / Hungarian,30,57,70,49,134,102,115,103,116,6,465,317,782,True
計算機網路 - UDP 與 QUIC,28,137,150,70,235,157,170,147,160,10,743,521,1264,True
編譯器 - 語法分析(Parsing)：LL/LR,25,136,149,69,233,145,158,137,150,16,715,503,1218,True
計算機架構 - 匯流排與 I/O(Bus & I/O),31,83,96,51,162,93,106,95,108,15,503,337,840,True
資料工程 - 資料治理(Data Governance),26,44,57,25,97,49,62,42,55,13,297,173,470,True
資訊安全 - 身分驗證(Authentication) 與授權(Authorization),27,89,102,53,170,87,100,85,98,7,497,321,818,True
理論 - 上下文無關文法(CFG) 與 Pushdown Automata,30,116,129,36,180,104,117,104,117,14,573,374,947,True
推薦系統 - 協同過濾(Collaborative Filtering),27,36,49,29,93,51,64,35,48,9,281,160,441,True
分散式系統 - 分散式鎖(Distributed Lock),27,88,101,44,160,107,120,104,117,17,525,360,885,True
演算法 - 最大流/最小割(Max Flow/Min Cut)：Edmonds-Karp / Dinic,33,102,115,78,208,125,138,123,136,16,630,444,1074,True
電腦圖學 - 光照模型(Lighting Models),27,49,62,47,124,100,113,100,113,13,439,309,748,True
形式化方法 - 模型檢查(Model Checking),27,69,82,40,137,78,91,71,84,10,421,268,689,True
資料工程 - 資料治理(Data Governance),27,75,88,23,126,64,77,55,68,8,386,225,611,True
自然語言處理 - 指令微調(Instruction Tuning),27,47,60,45,120,40,53,38,51,8,311,178,489,True
理論 - P/NP 與 NP-Complete,29,164,177,130,322,222,235,227,240,10,1003,753,1756,True
資料結構 - 雜湊表(Hash Table),27,91,104,71,190,145,158,111,124,11,603,429,1032,True
分散式系統 - MapReduce 與資料處理,26,81,94,45,154,115,128,101,114,15,516,357,873,True
計算機架構 - 亂序執行(Out-of-Order Execution),27,84,97,29,141,101,114,89,102,12,481,315,796,True
雲端 - Kubernetes 基礎,27,57,70,32,117,56,69,57,70,16,353,218,571,True
資料結構 - 位元集合(Bitset),25,115,128,65,208,167,180,160,173,9,714,516,1230,True
資料結構 - 字串(String),25,198,211,49,275,300,313,291,304,13,1128,851,1979,True
資料庫 - 復原與日誌(Recovery & WAL),28,95,108,85,208,131,144,129,142,18,630,458,1088,True
演算法 - 強連通分量(SCC)：Kosaraju / Tarjan,29,113,126,59,200,141,154,139,152,15,661,467,1128,True
軟體工程 - 可觀測性(Observability)：Logging / Metrics / Tracing,33,60,73,43,131,63,76,63,76,9,389,238,627,True
軟體工程 - API 設計(REST / GraphQL),31,135,148,53,216,140,153,136,149,22,697,486,1183,True
理論 - 近似與隨機(Approximation & Randomization),28,114,127,80,222,156,169,121,134,16,680,487,1167,True
資料結構 - B-Tree / B+ Tree,31,149,162,70,247,159,172,157,170,11,782,546,1328,True
軟體工程 - API 設計(REST / GraphQL),31,108,121,77,213,159,172,159,172,15,709,518,1227,True
計算機架構 - 快取(Cache) 與記憶體階層(Memory Hierarchy),29,75,88,30,133,84,97,65,78,22,425,276,701,True
資料庫 - 正規化(Normalization),25,107,120,36,171,162,175,162,175,15,666,482,1148,True
資料結構 - 雙端佇列(Deque),25,60,73,40,128,85,98,76,89,11,413,272,685,True
自然語言處理 - 語言模型(Language Models) 與 Tokenization,31,87,100,49,164,93,106,82,95,16,496,327,823,True
演算法 - 搜尋(Searching)：Binary Search,26,188,201,34,250,242,255,240,253,8,985,712,1697,True
理論 - 資訊理論(Information Theory)：Entropy,27,145,158,65,238,180,193,176,189,8,805,574,1379,True
演算法 - 隨機化演算法(Randomized Algorithms),27,249,262,113,390,235,248,229,242,18,1169,844,2013,True
程式設計 - 例外處理(Exception Handling),27,78,91,50,156,93,106,98,111,14,491,333,824,True
"資料結構 - Union-Find (Disjoint Set Union, DSU)",33,126,139,57,211,143,156,143,156,15,695,484,1179,True
理論 - 資訊理論(Information Theory)：Entropy,27,115,128,72,215,200,213,198,211,18,794,603,1397,True
"編譯器 - 中介表示(Intermediate Representation, IR)",29,100,113,52,180,114,127,112,125,14,574,392,966,False
資料庫 - 關聯式模型(Relational Model),27,47,60,33,108,49,62,48,61,8,318,185,503,True
